file,task,variant,n_stim,effective_rank,rsa_vs_duration,p_perm,rsa_vs_amplitude
sub-5211_ses-7_run-01_patterns.npz,Gram,raw,40,3,-0.06372130639531352,0.09995002498750624,0.48540215321751784
sub-5211_ses-7_run-01_patterns.npz,Gram,mean_removed,40,3,-0.06372130639531352,0.09995002498750624,0.48540215321751784
sub-5211_ses-7_run-01_patterns.npz,Gram,pc1_removed,40,3,0.051017489248914145,0.08495752123938032,0.040274733673638013
sub-5211_ses-7_run-02_patterns.npz,Gram,raw,40,3,-0.03371389877453967,0.35782108945527236,0.33818790730324116
sub-5211_ses-7_run-02_patterns.npz,Gram,mean_removed,40,3,-0.03371389877453967,0.35782108945527236,0.33818790730324116
sub-5211_ses-7_run-02_patterns.npz,Gram,pc1_removed,40,3,-0.025483510722247475,0.4142928535732134,0.4703478119811809
sub-5213_ses-7_run-01_patterns.npz,Gram,raw,40,4,-0.07368459988059553,0.08295852073963018,0.44894912713531754
sub-5213_ses-7_run-01_patterns.npz,Gram,mean_removed,40,4,-0.07368459988059553,0.08295852073963018,0.44894912713531754
sub-5213_ses-7_run-01_patterns.npz,Gram,pc1_removed,40,3,-0.03859107121175395,0.22188905547226387,0.18683348870117752
sub-5213_ses-7_run-02_patterns.npz,Gram,raw,40,4,-0.025172555028293107,0.46976511744127936,0.6178127537002223
sub-5213_ses-7_run-02_patterns.npz,Gram,mean_removed,40,4,-0.025172555028293107,0.46976511744127936,0.6178127537002223
sub-5213_ses-7_run-02_patterns.npz,Gram,pc1_removed,40,3,-0.03672916004987628,0.18490754622688654,0.08812963962035542
sub-5217_ses-7_run-01_patterns.npz,Gram,raw,40,3,-0.06079087687180914,0.09395302348825588,0.3880242305561874
sub-5217_ses-7_run-01_patterns.npz,Gram,mean_removed,40,3,-0.06079087687180914,0.09395302348825588,0.3880242305561874
sub-5217_ses-7_run-01_patterns.npz,Gram,pc1_removed,40,3,0.00481843769972337,0.8900549725137431,0.2932141824437834
sub-5217_ses-7_run-02_patterns.npz,Gram,raw,40,3,-0.05952798799455618,0.11094452773613193,0.5105372271511598
sub-5217_ses-7_run-02_patterns.npz,Gram,mean_removed,40,3,-0.05952798799455618,0.11094452773613193,0.5105372271511598
sub-5217_ses-7_run-02_patterns.npz,Gram,pc1_removed,40,3,-0.04905621299236716,0.09745127436281859,0.07695612709624897
sub-5222_ses-7_run-01_patterns.npz,Gram,raw,40,3,-0.06328673553006015,0.11044477761119441,0.41701810818229484
sub-5222_ses-7_run-01_patterns.npz,Gram,mean_removed,40,3,-0.06328673553006015,0.11044477761119441,0.41701810818229484
sub-5222_ses-7_run-01_patterns.npz,Gram,pc1_removed,40,3,0.033393517181559515,0.2843578210894553,0.1943477629243056
sub-5222_ses-7_run-02_patterns.npz,Gram,raw,40,4,-0.04233556705212283,0.2283858070964518,0.49129476898194474
sub-5222_ses-7_run-02_patterns.npz,Gram,mean_removed,40,4,-0.04233556705212283,0.2283858070964518,0.49129476898194474
sub-5222_ses-7_run-02_patterns.npz,Gram,pc1_removed,40,3,-0.02528801601053231,0.4407796101949025,0.060227808496625505
sub-5226_ses-7_run-01_patterns.npz,Gram,raw,40,3,-0.06899108028475928,0.07896051974012994,0.20318839344676007
sub-5226_ses-7_run-01_patterns.npz,Gram,mean_removed,40,3,-0.06899108028475928,0.07896051974012994,0.20318839344676007
sub-5226_ses-7_run-01_patterns.npz,Gram,pc1_removed,40,3,0.0021303846996517614,0.9505247376311844,0.4522359377771698
sub-5226_ses-7_run-02_patterns.npz,Gram,raw,40,3,-0.044679720850863344,0.23738130934532733,0.1252528736518684
sub-5226_ses-7_run-02_patterns.npz,Gram,mean_removed,40,3,-0.044679720850863344,0.23738130934532733,0.1252528736518684
sub-5226_ses-7_run-02_patterns.npz,Gram,pc1_removed,40,3,-0.030263977222437836,0.31984007996002,-0.02634379488056105
sub-5227_ses-7_run-01_patterns.npz,Gram,raw,40,3,-0.04830518595296653,0.2943528235882059,0.4110069720187423
sub-5227_ses-7_run-01_patterns.npz,Gram,mean_removed,40,3,-0.04830518595296653,0.2943528235882059,0.4110069720187423
sub-5227_ses-7_run-01_patterns.npz,Gram,pc1_removed,40,3,-0.012646213211044127,0.729135432283858,0.143001929275411
sub-5227_ses-7_run-02_patterns.npz,Gram,raw,40,2,-0.037598758761708206,0.20689655172413793,0.6728042465047293
sub-5227_ses-7_run-02_patterns.npz,Gram,mean_removed,40,2,-0.037598758761708206,0.20689655172413793,0.6728042465047293
sub-5227_ses-7_run-02_patterns.npz,Gram,pc1_removed,40,3,-0.016715366811808297,0.6166916541729135,0.08411251371348283
sub-5229_ses-7_run-01_patterns.npz,Gram,raw,40,3,-0.06681104443187226,0.1454272863568216,0.48700742566840316
sub-5229_ses-7_run-01_patterns.npz,Gram,mean_removed,40,3,-0.06681104443187226,0.1454272863568216,0.48700742566840316
sub-5229_ses-7_run-01_patterns.npz,Gram,pc1_removed,40,3,0.03118692990983008,0.31634182908545727,0.5338203281829094
sub-5229_ses-7_run-02_patterns.npz,Gram,raw,40,3,-0.0482101186570117,0.1889055472263868,0.21978261482501302
sub-5229_ses-7_run-02_patterns.npz,Gram,mean_removed,40,3,-0.0482101186570117,0.1889055472263868,0.21978261482501302
sub-5229_ses-7_run-02_patterns.npz,Gram,pc1_removed,40,3,-0.03609757633921097,0.23488255872063968,0.4923981187952694
sub-5231_ses-7_run-01_patterns.npz,Gram,raw,40,3,-0.06771130189655569,0.06496751624187906,0.523153745132085
sub-5231_ses-7_run-01_patterns.npz,Gram,mean_removed,40,3,-0.06771130189655569,0.06496751624187906,0.523153745132085
sub-5231_ses-7_run-01_patterns.npz,Gram,pc1_removed,40,3,0.02120421595819472,0.5087456271864068,0.055145086340732626
sub-5231_ses-7_run-02_patterns.npz,Gram,raw,40,3,-0.03994779297428405,0.25337331334332835,0.5025751951496406
sub-5231_ses-7_run-02_patterns.npz,Gram,mean_removed,40,3,-0.03994779297428405,0.25337331334332835,0.5025751951496406
sub-5231_ses-7_run-02_patterns.npz,Gram,pc1_removed,40,3,-0.0442181045059713,0.12243878060969515,0.09009507551155384
sub-5233_ses-7_run-01_patterns.npz,Gram,raw,40,3,-0.07688007578181096,0.06646676661669165,0.3556692742250247
sub-5233_ses-7_run-01_patterns.npz,Gram,mean_removed,40,3,-0.07688007578181096,0.06646676661669165,0.3556692742250247
sub-5233_ses-7_run-01_patterns.npz,Gram,pc1_removed,40,3,0.023994011466563853,0.46976511744127936,0.14044196957285243
sub-5233_ses-7_run-02_patterns.npz,Gram,raw,40,3,-0.046288057437232404,0.14992503748125938,0.1706723838998876
sub-5233_ses-7_run-02_patterns.npz,Gram,mean_removed,40,3,-0.046288057437232404,0.14992503748125938,0.1706723838998876
sub-5233_ses-7_run-02_patterns.npz,Gram,pc1_removed,40,3,-0.04315514784392208,0.1629185407296352,0.1253999431294266
sub-5246_ses-7_run-01_patterns.npz,Gram,raw,40,3,-0.06652358107053855,0.08045977011494253,0.5715180586828963
sub-5246_ses-7_run-01_patterns.npz,Gram,mean_removed,40,3,-0.06652358107053855,0.08045977011494253,0.5715180586828963
sub-5246_ses-7_run-01_patterns.npz,Gram,pc1_removed,40,3,-0.004587061049811051,0.895552223888056,0.18520343494217545
sub-5246_ses-7_run-02_patterns.npz,Gram,raw,40,3,-0.040143009527697726,0.19940029985007496,0.5938395438115195
sub-5246_ses-7_run-02_patterns.npz,Gram,mean_removed,40,3,-0.040143009527697726,0.19940029985007496,0.5938395438115195
sub-5246_ses-7_run-02_patterns.npz,Gram,pc1_removed,40,3,-0.04221943596124818,0.1584207896051974,0.028737441661197287
sub-5258_ses-7_run-01_patterns.npz,Gram,raw,40,3,-0.062385934393467034,0.10744627686156921,0.2720282628290367
sub-5258_ses-7_run-01_patterns.npz,Gram,mean_removed,40,3,-0.062385934393467034,0.10744627686156921,0.2720282628290367
sub-5258_ses-7_run-01_patterns.npz,Gram,pc1_removed,40,3,0.01315735331082583,0.6901549225387307,0.29368937667044664
sub-5258_ses-7_run-02_patterns.npz,Gram,raw,40,4,-0.04756876147511651,0.21539230384807595,0.43107222019153174
sub-5258_ses-7_run-02_patterns.npz,Gram,mean_removed,40,4,-0.04756876147511651,0.21539230384807595,0.43107222019153174
sub-5258_ses-7_run-02_patterns.npz,Gram,pc1_removed,40,3,-0.026828810703874478,0.3493253373313343,0.14276347240241002
sub-5290_ses-7_run-01_patterns.npz,Gram,raw,40,3,-0.07398442861699016,0.06146926536731634,0.6127950192605132
sub-5290_ses-7_run-01_patterns.npz,Gram,mean_removed,40,3,-0.07398442861699016,0.06146926536731634,0.6127950192605132
sub-5290_ses-7_run-01_patterns.npz,Gram,pc1_removed,40,3,0.026350222305236596,0.41379310344827586,0.05037159950826804
sub-5290_ses-7_run-02_patterns.npz,Gram,raw,40,3,-0.015598599161978716,0.7011494252873564,0.1461243488110725
sub-5290_ses-7_run-02_patterns.npz,Gram,mean_removed,40,3,-0.015598599161978716,0.7011494252873564,0.1461243488110725
sub-5290_ses-7_run-02_patterns.npz,Gram,pc1_removed,40,3,-0.019811496291525316,0.5352323838080959,0.6759670241707524
sub-5307_ses-7_run-01_patterns.npz,Gram,raw,40,3,-0.06481806964649628,0.10194902548725637,0.24910957346184884
sub-5307_ses-7_run-01_patterns.npz,Gram,mean_removed,40,3,-0.06481806964649628,0.10194902548725637,0.24910957346184884
sub-5307_ses-7_run-01_patterns.npz,Gram,pc1_removed,40,3,0.04293540171921436,0.12843578210894552,0.3740409981455743
sub-5307_ses-7_run-02_patterns.npz,Gram,raw,40,3,-0.04550734294628766,0.30184907546226886,0.4198170810729346
sub-5307_ses-7_run-02_patterns.npz,Gram,mean_removed,40,3,-0.04550734294628766,0.30184907546226886,0.4198170810729346
sub-5307_ses-7_run-02_patterns.npz,Gram,pc1_removed,40,3,-0.03278066502946092,0.26486756621689156,0.7463498081408367
sub-5308_ses-7_run-01_patterns.npz,Gram,raw,40,4,-0.07491189496422065,0.0559720139930035,0.3512827045308197
sub-5308_ses-7_run-01_patterns.npz,Gram,mean_removed,40,4,-0.07491189496422065,0.0559720139930035,0.3512827045308197
sub-5308_ses-7_run-01_patterns.npz,Gram,pc1_removed,40,3,-0.005145627041058397,0.8850574712643678,0.3456547683093092
sub-5308_ses-7_run-02_patterns.npz,Gram,raw,40,3,-0.03285360572224872,0.3213393303348326,0.22664200505058232
sub-5308_ses-7_run-02_patterns.npz,Gram,mean_removed,40,3,-0.03285360572224872,0.3213393303348326,0.22664200505058232
sub-5308_ses-7_run-02_patterns.npz,Gram,pc1_removed,40,3,-0.0423397394266453,0.1549225387306347,0.5208764946384502
sub-5312_ses-7_run-01_patterns.npz,Gram,raw,40,2,-0.0673170639008772,0.11044477761119441,0.7372027997315023
sub-5312_ses-7_run-01_patterns.npz,Gram,mean_removed,40,2,-0.0673170639008772,0.11044477761119441,0.7372027997315023
sub-5312_ses-7_run-01_patterns.npz,Gram,pc1_removed,40,3,-0.01788233001622396,0.5872063968015993,0.08436434743545702
sub-5312_ses-7_run-02_patterns.npz,Gram,raw,40,2,-0.00010219788868151608,0.9985007496251874,0.5698481525345146
sub-5312_ses-7_run-02_patterns.npz,Gram,mean_removed,40,2,-0.00010219788868151608,0.9985007496251874,0.5698481525345146
sub-5312_ses-7_run-02_patterns.npz,Gram,pc1_removed,40,3,-0.0289462401997773,0.3543228385807096,0.008817695168921913
sub-5317_ses-7_run-01_patterns.npz,Gram,raw,40,3,-0.06228655622579979,0.07546226886556721,0.14399626662007106
sub-5317_ses-7_run-01_patterns.npz,Gram,mean_removed,40,3,-0.06228655622579979,0.07546226886556721,0.14399626662007106
sub-5317_ses-7_run-01_patterns.npz,Gram,pc1_removed,40,3,0.05925963126010249,0.05997001499250375,0.5346986991204027
sub-5317_ses-7_run-02_patterns.npz,Gram,raw,40,3,-0.03794363712488595,0.26286856571714146,0.4004138478455498
sub-5317_ses-7_run-02_patterns.npz,Gram,mean_removed,40,3,-0.03794363712488595,0.26286856571714146,0.4004138478455498
sub-5317_ses-7_run-02_patterns.npz,Gram,pc1_removed,40,3,-0.045317335539247466,0.11144427786106946,0.034251788458156324
sub-5334_ses-7_run-01_patterns.npz,Gram,raw,40,3,-0.06951801215698582,0.06546726636681659,0.5677335483406829
sub-5334_ses-7_run-01_patterns.npz,Gram,mean_removed,40,3,-0.06951801215698582,0.06546726636681659,0.5677335483406829
sub-5334_ses-7_run-01_patterns.npz,Gram,pc1_removed,40,3,0.029329569657074846,0.33933033483258374,0.20418139057781792
sub-5334_ses-7_run-02_patterns.npz,Gram,raw,40,3,-0.04269296253886791,0.2433783108445777,0.570250115466988
sub-5334_ses-7_run-02_patterns.npz,Gram,mean_removed,40,3,-0.04269296253886791,0.2433783108445777,0.570250115466988
sub-5334_ses-7_run-02_patterns.npz,Gram,pc1_removed,40,3,-0.04187913456648597,0.127936031984008,0.3798282680634559
sub-5357_ses-7_run-01_patterns.npz,Gram,raw,40,3,-0.06927378967776691,0.08195902048975512,0.20139415087796003
sub-5357_ses-7_run-01_patterns.npz,Gram,mean_removed,40,3,-0.06927378967776691,0.08195902048975512,0.20139415087796003
sub-5357_ses-7_run-01_patterns.npz,Gram,pc1_removed,40,3,-0.02263249263892403,0.4672663668165917,0.29380395228991296
sub-5357_ses-7_run-02_patterns.npz,Gram,raw,40,3,-0.04164151151565329,0.2448775612193903,0.46791719553476235
sub-5357_ses-7_run-02_patterns.npz,Gram,mean_removed,40,3,-0.04164151151565329,0.2448775612193903,0.46791719553476235
sub-5357_ses-7_run-02_patterns.npz,Gram,pc1_removed,40,3,-0.0344983431154363,0.22788605697151423,0.42143719702164084
sub-5365_ses-7_run-01_patterns.npz,Gram,raw,40,3,-0.06053418786926706,0.08995502248875563,0.7445908915796275
sub-5365_ses-7_run-01_patterns.npz,Gram,mean_removed,40,3,-0.06053418786926706,0.08995502248875563,0.7445908915796275
sub-5365_ses-7_run-01_patterns.npz,Gram,pc1_removed,40,3,0.03895242337866624,0.17791104447776113,0.13922778662332805
sub-5365_ses-7_run-02_patterns.npz,Gram,raw,40,4,-0.029534228918462687,0.4332833583208396,0.3102154241643294
sub-5365_ses-7_run-02_patterns.npz,Gram,mean_removed,40,4,-0.029534228918462687,0.4332833583208396,0.3102154241643294
sub-5365_ses-7_run-02_patterns.npz,Gram,pc1_removed,40,3,-0.03086089229388944,0.3098450774612694,0.22874689901756023
sub-5367_ses-7_run-01_patterns.npz,Gram,raw,40,3,-0.07251647653039066,0.05747126436781609,0.09265994090163755
sub-5367_ses-7_run-01_patterns.npz,Gram,mean_removed,40,3,-0.07251647653039066,0.05747126436781609,0.09265994090163755
sub-5367_ses-7_run-01_patterns.npz,Gram,pc1_removed,40,3,0.008823934172156399,0.7876061969015492,0.4196812643322253
sub-5367_ses-7_run-02_patterns.npz,Gram,raw,40,3,-0.01780106923678442,0.6441779110444777,0.37703225375756066
sub-5367_ses-7_run-02_patterns.npz,Gram,mean_removed,40,3,-0.01780106923678442,0.6441779110444777,0.37703225375756066
sub-5367_ses-7_run-02_patterns.npz,Gram,pc1_removed,40,3,-0.030958892520930183,0.31084457771114443,0.26117850039454116
