family,model_ref,dataset,step,tokens,task,session,n_stim,rsa,rsa_pearson,rsa_kendall,rsa_lo,rsa_hi
pico-decoder-tiny,pico-lm/pico-decoder-tiny@103adb71c10fcc35cebf2b93843f0dd76be7f44e,ds003604,0,,Gram,ses-5,60,-0.018686193181524,-0.0382194064283136,-0.0125009181988611,,
pico-decoder-tiny,pico-lm/pico-decoder-tiny@fa2c5d27a1fbae4ac24e49c80d0ff1a9cecfabd0,ds003604,1000,,Gram,ses-5,60,-0.0197660464377064,-0.0185233588951454,-0.0132508072165639,,
pico-decoder-tiny,pico-lm/pico-decoder-tiny@c0dda9ee77ced01962ae332bbf283bcf238765a8,ds003604,2000,,Gram,ses-5,60,-0.0090783117803367,-0.0355446305026606,-0.0055807328344719,,
pico-decoder-tiny,pico-lm/pico-decoder-tiny@88ef3234093953618e0d8f3c898c9811ec24ed35,ds003604,3000,,Gram,ses-5,60,-0.0001966868386117,-0.0214429323730249,8.303711439640003e-06,,
pico-decoder-tiny,pico-lm/pico-decoder-tiny@84bc530a1fc367c8efc0b3957b86d1c509296091,ds003604,4000,,Gram,ses-5,60,-0.0118308866265257,-0.0275457584072683,-0.0078265674053776,,
pico-decoder-tiny,pico-lm/pico-decoder-tiny@d31ea8a1afbffb6e7b934a4645ce44652a0d146f,ds003604,5000,,Gram,ses-5,60,-0.0150953694315106,-0.0166106718888723,-0.0097836883169973,,
pico-decoder-tiny,pico-lm/pico-decoder-tiny@61eace927bb768764dca51562258d78a2fe54f76,ds003604,7000,,Gram,ses-5,60,0.0052289480451476,-0.0074708625278618,0.0037424188711423,,
pico-decoder-tiny,pico-lm/pico-decoder-tiny@5db2932311894754cd4e80f811378100794ae014,ds003604,8000,,Gram,ses-5,60,0.000712262813971,-0.0108721895359808,0.0003966619080012,,
pico-decoder-tiny,pico-lm/pico-decoder-tiny@a5175df52f960d869efda7045c5982e933d3b705,ds003604,10000,,Gram,ses-5,60,0.0024662109536593,-0.0039217829529291,0.0012513054392503,,
pico-decoder-tiny,pico-lm/pico-decoder-tiny@46c9adae32a035be4680d5185fd1e87408bbc608,ds003604,13000,,Gram,ses-5,60,-0.002576346667513,-0.004623941246935,-0.0016205012247974,,
pico-decoder-tiny,pico-lm/pico-decoder-tiny@50fc297ab0c87309ed3b0c670e2d57d37acab44a,ds003604,16000,,Gram,ses-5,60,0.0087388157481757,-0.0109325302822776,0.0055743453641337,,
pico-decoder-tiny,pico-lm/pico-decoder-tiny@fd11f6e99d18679b34412651c839856af185d241,ds003604,20000,,Gram,ses-5,60,0.0153387612656866,-0.0145470066354289,0.0099344326169785,,
pico-decoder-tiny,pico-lm/pico-decoder-tiny@e1dc0e8bf248742bffbb7184e2971541821cff1b,ds003604,24000,,Gram,ses-5,60,0.0254671699235885,-0.01619450064834,0.0164713697610766,,
pico-decoder-tiny,pico-lm/pico-decoder-tiny@4e773530a79a36816566462c2b3d9ff7172b65f8,ds003604,30000,,Gram,ses-5,60,0.0320311926830145,-0.01696666483324,0.0205976755995439,,
pico-decoder-tiny,pico-lm/pico-decoder-tiny@de9cd9bd9035dd4f914f6f69c10b9352e8b5c974,ds003604,37000,,Gram,ses-5,60,-0.014175194999037,-0.0448865841599976,-0.0095601268551609,,
pico-decoder-tiny,pico-lm/pico-decoder-tiny@5373188422135e88150055fef33a4e3aac2bd5a8,ds003604,45000,,Gram,ses-5,60,-0.009560600775885,-0.0373498022564892,-0.0064992510691028,,
pico-decoder-tiny,pico-lm/pico-decoder-tiny@6a777ce3230ad361b38533d232052d21852db2f0,ds003604,56000,,Gram,ses-5,60,-0.0109092146911247,-0.0423531295011963,-0.0082698578468476,,
pico-decoder-tiny,pico-lm/pico-decoder-tiny@807a5f576926680d3e81601211eeb7f086c9bbd6,ds003604,68000,,Gram,ses-5,60,-0.0093429023698259,-0.0303544128686252,-0.0071303331385154,,
pico-decoder-tiny,pico-lm/pico-decoder-tiny@fcd2b3ed5faa6b2389382af2bc876f1835ecff6a,ds003604,84000,,Gram,ses-5,60,0.0022428428110832,-0.0240434207010257,0.0007518052588043,,
pico-decoder-tiny,pico-lm/pico-decoder-tiny@3d9aaed7161ee69ed04d611c1ee9c81176178c6a,ds003604,103000,,Gram,ses-5,60,-0.0067646286411035,-0.0192387390943068,-0.0045753450032416,,
pico-decoder-tiny,pico-lm/pico-decoder-tiny@6ce1a7d66569cb86b4589f3fc6298e885b8ab8e5,ds003604,126000,,Gram,ses-5,60,-0.0019312237048048,-0.0195759779392573,-0.0017469731374934,,
pico-decoder-tiny,pico-lm/pico-decoder-tiny@103adb71c10fcc35cebf2b93843f0dd76be7f44e,ds003604,0,,Gram,ses-7,60,-0.029684542839163,-0.0372858238480966,-0.0200713480436775,,
pico-decoder-tiny,pico-lm/pico-decoder-tiny@fa2c5d27a1fbae4ac24e49c80d0ff1a9cecfabd0,ds003604,1000,,Gram,ses-7,60,-0.0326254741229249,-0.0161315134513226,-0.0210000862308495,,
pico-decoder-tiny,pico-lm/pico-decoder-tiny@c0dda9ee77ced01962ae332bbf283bcf238765a8,ds003604,2000,,Gram,ses-7,60,-0.0265785573021091,-0.0381761030122852,-0.0180771798040962,,
pico-decoder-tiny,pico-lm/pico-decoder-tiny@88ef3234093953618e0d8f3c898c9811ec24ed35,ds003604,3000,,Gram,ses-7,60,-0.0188700268140125,-0.0161223554941689,-0.0127461970598474,,
pico-decoder-tiny,pico-lm/pico-decoder-tiny@84bc530a1fc367c8efc0b3957b86d1c509296091,ds003604,4000,,Gram,ses-7,60,-0.0312958819572975,-0.0228743233924358,-0.0207548073698632,,
pico-decoder-tiny,pico-lm/pico-decoder-tiny@d31ea8a1afbffb6e7b934a4645ce44652a0d146f,ds003604,5000,,Gram,ses-7,60,-0.0315714095118085,-0.011322497154901,-0.0205836231647999,,
pico-decoder-tiny,pico-lm/pico-decoder-tiny@61eace927bb768764dca51562258d78a2fe54f76,ds003604,7000,,Gram,ses-7,60,-0.0151458106103178,0.0003357546813015,-0.0100442971067953,,
pico-decoder-tiny,pico-lm/pico-decoder-tiny@5db2932311894754cd4e80f811378100794ae014,ds003604,8000,,Gram,ses-7,60,-0.0086925944114326,-0.0031399185518632,-0.0055283555776987,,
pico-decoder-tiny,pico-lm/pico-decoder-tiny@a5175df52f960d869efda7045c5982e933d3b705,ds003604,10000,,Gram,ses-7,60,-0.0126165541342087,0.0026339663322528,-0.0084525394985197,,
pico-decoder-tiny,pico-lm/pico-decoder-tiny@46c9adae32a035be4680d5185fd1e87408bbc608,ds003604,13000,,Gram,ses-7,60,-0.0171683938958123,0.0028507016875685,-0.0110203025744699,,
pico-decoder-tiny,pico-lm/pico-decoder-tiny@50fc297ab0c87309ed3b0c670e2d57d37acab44a,ds003604,16000,,Gram,ses-7,60,0.0038574820621141,-0.0065169292392551,0.0020765666069438,,
pico-decoder-tiny,pico-lm/pico-decoder-tiny@fd11f6e99d18679b34412651c839856af185d241,ds003604,20000,,Gram,ses-7,60,0.0057385924373797,-0.0105497802425307,0.00337066809746,,
pico-decoder-tiny,pico-lm/pico-decoder-tiny@e1dc0e8bf248742bffbb7184e2971541821cff1b,ds003604,24000,,Gram,ses-7,60,0.0072118301908935,-0.0159566159831017,0.0047976289710104,,
pico-decoder-tiny,pico-lm/pico-decoder-tiny@4e773530a79a36816566462c2b3d9ff7172b65f8,ds003604,30000,,Gram,ses-7,60,0.0060626849639956,-0.0136201547770956,0.0036478843101372,,
pico-decoder-tiny,pico-lm/pico-decoder-tiny@de9cd9bd9035dd4f914f6f69c10b9352e8b5c974,ds003604,37000,,Gram,ses-7,60,-0.0349484019623109,-0.0489841680132758,-0.0232880781059872,,
pico-decoder-tiny,pico-lm/pico-decoder-tiny@5373188422135e88150055fef33a4e3aac2bd5a8,ds003604,45000,,Gram,ses-7,60,-0.0347640554567099,-0.0380367028950554,-0.0229661496009427,,
pico-decoder-tiny,pico-lm/pico-decoder-tiny@6a777ce3230ad361b38533d232052d21852db2f0,ds003604,56000,,Gram,ses-7,60,-0.0256860304092314,-0.0442446880572603,-0.0176287793863557,,
pico-decoder-tiny,pico-lm/pico-decoder-tiny@807a5f576926680d3e81601211eeb7f086c9bbd6,ds003604,68000,,Gram,ses-7,60,-0.0233103610361077,-0.0318524866182989,-0.0158990524187753,,
pico-decoder-tiny,pico-lm/pico-decoder-tiny@fcd2b3ed5faa6b2389382af2bc876f1835ecff6a,ds003604,84000,,Gram,ses-7,60,-0.0165542662140709,-0.0254796730781078,-0.0110573499024313,,
pico-decoder-tiny,pico-lm/pico-decoder-tiny@3d9aaed7161ee69ed04d611c1ee9c81176178c6a,ds003604,103000,,Gram,ses-7,60,-0.0141304971334802,-0.0189318426603087,-0.0086352211501917,,
pico-decoder-tiny,pico-lm/pico-decoder-tiny@6ce1a7d66569cb86b4589f3fc6298e885b8ab8e5,ds003604,126000,,Gram,ses-7,60,-0.0106475282185843,-0.0201331643433037,-0.0066627703097603,,
pico-decoder-tiny,pico-lm/pico-decoder-tiny@103adb71c10fcc35cebf2b93843f0dd76be7f44e,ds003604,0,,Gram,ses-9,60,-0.0449960060547376,-0.0401537908902269,-0.0298799474949938,,
pico-decoder-tiny,pico-lm/pico-decoder-tiny@fa2c5d27a1fbae4ac24e49c80d0ff1a9cecfabd0,ds003604,1000,,Gram,ses-9,60,-0.045032188495411,-0.0202264743746734,-0.0300907340161539,,
pico-decoder-tiny,pico-lm/pico-decoder-tiny@c0dda9ee77ced01962ae332bbf283bcf238765a8,ds003604,2000,,Gram,ses-9,60,-0.0601993655727139,-0.0460682223371036,-0.0400117529454222,,
pico-decoder-tiny,pico-lm/pico-decoder-tiny@88ef3234093953618e0d8f3c898c9811ec24ed35,ds003604,3000,,Gram,ses-9,60,-0.0394555135620557,-0.0222320822000329,-0.026364283820857,,
pico-decoder-tiny,pico-lm/pico-decoder-tiny@84bc530a1fc367c8efc0b3957b86d1c509296091,ds003604,4000,,Gram,ses-9,60,-0.044530944834919,-0.0265030140182195,-0.0299655395975254,,
pico-decoder-tiny,pico-lm/pico-decoder-tiny@d31ea8a1afbffb6e7b934a4645ce44652a0d146f,ds003604,5000,,Gram,ses-9,60,-0.0457392803798373,-0.0149374990349841,-0.0303615627584929,,
pico-decoder-tiny,pico-lm/pico-decoder-tiny@61eace927bb768764dca51562258d78a2fe54f76,ds003604,7000,,Gram,ses-9,60,-0.0240324452619805,-0.0028811219129141,-0.015910549865384,,
pico-decoder-tiny,pico-lm/pico-decoder-tiny@5db2932311894754cd4e80f811378100794ae014,ds003604,8000,,Gram,ses-9,60,-0.0232357044559168,-0.0065861826277608,-0.0152270905391983,,
pico-decoder-tiny,pico-lm/pico-decoder-tiny@a5175df52f960d869efda7045c5982e933d3b705,ds003604,10000,,Gram,ses-9,60,-0.0351018202716138,0.0004099417756226,-0.0234963096390121,,
pico-decoder-tiny,pico-lm/pico-decoder-tiny@46c9adae32a035be4680d5185fd1e87408bbc608,ds003604,13000,,Gram,ses-9,60,-0.0416208140701826,-0.00274809226773,-0.0278704493266009,,
pico-decoder-tiny,pico-lm/pico-decoder-tiny@50fc297ab0c87309ed3b0c670e2d57d37acab44a,ds003604,16000,,Gram,ses-9,60,-0.0364821046425506,-0.0114199199920418,-0.024372670569411,,
pico-decoder-tiny,pico-lm/pico-decoder-tiny@fd11f6e99d18679b34412651c839856af185d241,ds003604,20000,,Gram,ses-9,60,-0.0384901608512364,-0.0152197751442419,-0.0254777029379169,,
pico-decoder-tiny,pico-lm/pico-decoder-tiny@e1dc0e8bf248742bffbb7184e2971541821cff1b,ds003604,24000,,Gram,ses-9,60,-0.043149474580161,-0.0178783137885099,-0.0286446107315889,,
pico-decoder-tiny,pico-lm/pico-decoder-tiny@4e773530a79a36816566462c2b3d9ff7172b65f8,ds003604,30000,,Gram,ses-9,60,-0.0421821937261216,-0.0171039472739329,-0.0284351017044964,,
pico-decoder-tiny,pico-lm/pico-decoder-tiny@de9cd9bd9035dd4f914f6f69c10b9352e8b5c974,ds003604,37000,,Gram,ses-9,60,-0.0716470764736712,-0.0514720688553058,-0.0475502454385477,,
pico-decoder-tiny,pico-lm/pico-decoder-tiny@5373188422135e88150055fef33a4e3aac2bd5a8,ds003604,45000,,Gram,ses-9,60,-0.0688520413602301,-0.0413074591021295,-0.0455599096811694,,
pico-decoder-tiny,pico-lm/pico-decoder-tiny@6a777ce3230ad361b38533d232052d21852db2f0,ds003604,56000,,Gram,ses-9,60,-0.0639427593355741,-0.0443534890769633,-0.0433294050390753,,
pico-decoder-tiny,pico-lm/pico-decoder-tiny@807a5f576926680d3e81601211eeb7f086c9bbd6,ds003604,68000,,Gram,ses-9,60,-0.0556226287429316,-0.0303625316769633,-0.0376675513313085,,
pico-decoder-tiny,pico-lm/pico-decoder-tiny@fcd2b3ed5faa6b2389382af2bc876f1835ecff6a,ds003604,84000,,Gram,ses-9,60,-0.0556187767845345,-0.0250271399251806,-0.0369930344635962,,
pico-decoder-tiny,pico-lm/pico-decoder-tiny@3d9aaed7161ee69ed04d611c1ee9c81176178c6a,ds003604,103000,,Gram,ses-9,60,-0.0544632130696558,-0.0168633659251414,-0.0363082976433428,,
pico-decoder-tiny,pico-lm/pico-decoder-tiny@6ce1a7d66569cb86b4589f3fc6298e885b8ab8e5,ds003604,126000,,Gram,ses-9,60,-0.0567711312554228,-0.0180987885896617,-0.0375116970550568,,
pico-decoder-tiny,pico-lm/pico-decoder-tiny@103adb71c10fcc35cebf2b93843f0dd76be7f44e,ds003604,0,,Phon,ses-5,72,0.0093936618534384,0.0073189859096899,0.0063504313552548,,
pico-decoder-tiny,pico-lm/pico-decoder-tiny@fa2c5d27a1fbae4ac24e49c80d0ff1a9cecfabd0,ds003604,1000,,Phon,ses-5,72,-0.0196863025638486,-0.0119753211009261,-0.013653304913193,,
pico-decoder-tiny,pico-lm/pico-decoder-tiny@c0dda9ee77ced01962ae332bbf283bcf238765a8,ds003604,2000,,Phon,ses-5,72,-0.0467736202583988,-0.0433861695283637,-0.0311776289395428,,
pico-decoder-tiny,pico-lm/pico-decoder-tiny@88ef3234093953618e0d8f3c898c9811ec24ed35,ds003604,3000,,Phon,ses-5,72,-0.0031858023744045,0.0409208814340437,-0.0018503716362099,,
pico-decoder-tiny,pico-lm/pico-decoder-tiny@84bc530a1fc367c8efc0b3957b86d1c509296091,ds003604,4000,,Phon,ses-5,72,0.0291292782166989,0.0485627441097575,0.0194671836192191,,
pico-decoder-tiny,pico-lm/pico-decoder-tiny@d31ea8a1afbffb6e7b934a4645ce44652a0d146f,ds003604,5000,,Phon,ses-5,72,0.0188467362606879,0.0405585027044179,0.0128472509333014,,
pico-decoder-tiny,pico-lm/pico-decoder-tiny@61eace927bb768764dca51562258d78a2fe54f76,ds003604,7000,,Phon,ses-5,72,-0.0167766346140624,-0.00885038802641,-0.0112872057305782,,
pico-decoder-tiny,pico-lm/pico-decoder-tiny@5db2932311894754cd4e80f811378100794ae014,ds003604,8000,,Phon,ses-5,72,-0.0321394702011487,-0.0230838274255467,-0.021469456005439,,
pico-decoder-tiny,pico-lm/pico-decoder-tiny@a5175df52f960d869efda7045c5982e933d3b705,ds003604,10000,,Phon,ses-5,72,-0.0018705059065263,-0.0157434930933455,-0.0013658817440411,,
pico-decoder-tiny,pico-lm/pico-decoder-tiny@46c9adae32a035be4680d5185fd1e87408bbc608,ds003604,13000,,Phon,ses-5,72,-0.008732145652122,-0.0153404318348195,-0.0059418918380909,,
pico-decoder-tiny,pico-lm/pico-decoder-tiny@50fc297ab0c87309ed3b0c670e2d57d37acab44a,ds003604,16000,,Phon,ses-5,72,0.0070474423104343,-0.0056720687225348,0.0050727500467033,,
pico-decoder-tiny,pico-lm/pico-decoder-tiny@fd11f6e99d18679b34412651c839856af185d241,ds003604,20000,,Phon,ses-5,72,-0.0017683779140018,-0.0097818589590887,-0.0013162689990781,,
pico-decoder-tiny,pico-lm/pico-decoder-tiny@e1dc0e8bf248742bffbb7184e2971541821cff1b,ds003604,24000,,Phon,ses-5,72,-0.0134250058489307,-0.0186739898644292,-0.0091385451215665,,
pico-decoder-tiny,pico-lm/pico-decoder-tiny@4e773530a79a36816566462c2b3d9ff7172b65f8,ds003604,30000,,Phon,ses-5,72,-0.0275179839732918,-0.0246441928726774,-0.0185135164104872,,
pico-decoder-tiny,pico-lm/pico-decoder-tiny@de9cd9bd9035dd4f914f6f69c10b9352e8b5c974,ds003604,37000,,Phon,ses-5,72,-0.0381965238661617,-0.0312028297894957,-0.025608138940186,,
pico-decoder-tiny,pico-lm/pico-decoder-tiny@5373188422135e88150055fef33a4e3aac2bd5a8,ds003604,45000,,Phon,ses-5,72,-0.0460880475636456,-0.0278912378462931,-0.0307831769919363,,
pico-decoder-tiny,pico-lm/pico-decoder-tiny@6a777ce3230ad361b38533d232052d21852db2f0,ds003604,56000,,Phon,ses-5,72,-0.0285604574134258,-0.0154140480811892,-0.0190457815385463,,
pico-decoder-tiny,pico-lm/pico-decoder-tiny@807a5f576926680d3e81601211eeb7f086c9bbd6,ds003604,68000,,Phon,ses-5,72,-0.0111832749622382,-0.0183903020913284,-0.0075294996769046,,
pico-decoder-tiny,pico-lm/pico-decoder-tiny@fcd2b3ed5faa6b2389382af2bc876f1835ecff6a,ds003604,84000,,Phon,ses-5,72,-0.0083522684978317,-0.0123564221957409,-0.005646052877386,,
pico-decoder-tiny,pico-lm/pico-decoder-tiny@3d9aaed7161ee69ed04d611c1ee9c81176178c6a,ds003604,103000,,Phon,ses-5,72,0.0006921106914459,-0.0045358672813939,0.0006125030242336,,
pico-decoder-tiny,pico-lm/pico-decoder-tiny@6ce1a7d66569cb86b4589f3fc6298e885b8ab8e5,ds003604,126000,,Phon,ses-5,72,-0.0054378741901373,0.0016223343545391,-0.0035488425224099,,
pico-decoder-tiny,pico-lm/pico-decoder-tiny@103adb71c10fcc35cebf2b93843f0dd76be7f44e,ds003604,0,,Phon,ses-7,72,-0.0074871761251476,0.0030569937509576,-0.0048118237583798,,
pico-decoder-tiny,pico-lm/pico-decoder-tiny@fa2c5d27a1fbae4ac24e49c80d0ff1a9cecfabd0,ds003604,1000,,Phon,ses-7,72,-0.0183251438241598,-0.0170881286283065,-0.0122751731086672,,
pico-decoder-tiny,pico-lm/pico-decoder-tiny@c0dda9ee77ced01962ae332bbf283bcf238765a8,ds003604,2000,,Phon,ses-7,72,-0.0529311684946917,-0.0441758676985739,-0.0353401994922349,,
pico-decoder-tiny,pico-lm/pico-decoder-tiny@88ef3234093953618e0d8f3c898c9811ec24ed35,ds003604,3000,,Phon,ses-7,72,0.0564697129656684,0.0447305117203425,0.0376621984571048,,
pico-decoder-tiny,pico-lm/pico-decoder-tiny@84bc530a1fc367c8efc0b3957b86d1c509296091,ds003604,4000,,Phon,ses-7,72,0.0770214966751415,0.0501984713802559,0.0513136658612251,,
pico-decoder-tiny,pico-lm/pico-decoder-tiny@d31ea8a1afbffb6e7b934a4645ce44652a0d146f,ds003604,5000,,Phon,ses-7,72,0.0646010585453566,0.0427874090892366,0.043062025118749,,
pico-decoder-tiny,pico-lm/pico-decoder-tiny@61eace927bb768764dca51562258d78a2fe54f76,ds003604,7000,,Phon,ses-7,72,-0.0326024362531758,-0.0111918600624761,-0.0220635839389456,,
pico-decoder-tiny,pico-lm/pico-decoder-tiny@5db2932311894754cd4e80f811378100794ae014,ds003604,8000,,Phon,ses-7,72,-0.0493312489211056,-0.0255294005461748,-0.0332687142642766,,
pico-decoder-tiny,pico-lm/pico-decoder-tiny@a5175df52f960d869efda7045c5982e933d3b705,ds003604,10000,,Phon,ses-7,72,-0.0536957433002843,-0.0157059903343406,-0.0359919027100196,,
pico-decoder-tiny,pico-lm/pico-decoder-tiny@46c9adae32a035be4680d5185fd1e87408bbc608,ds003604,13000,,Phon,ses-7,72,-0.0142530993979477,-0.0121293263762698,-0.0094539841790468,,
pico-decoder-tiny,pico-lm/pico-decoder-tiny@50fc297ab0c87309ed3b0c670e2d57d37acab44a,ds003604,16000,,Phon,ses-7,72,0.0093475624373204,-0.004464858167704,0.0065403072927672,,
pico-decoder-tiny,pico-lm/pico-decoder-tiny@fd11f6e99d18679b34412651c839856af185d241,ds003604,20000,,Phon,ses-7,72,-0.0154843260529995,-0.0095167657070642,-0.0105528146045221,,
pico-decoder-tiny,pico-lm/pico-decoder-tiny@e1dc0e8bf248742bffbb7184e2971541821cff1b,ds003604,24000,,Phon,ses-7,72,-0.0291037622078431,-0.022536341624761,-0.0191884947431927,,
pico-decoder-tiny,pico-lm/pico-decoder-tiny@4e773530a79a36816566462c2b3d9ff7172b65f8,ds003604,30000,,Phon,ses-7,72,-0.0560729647904552,-0.0314978840863487,-0.0379813125327306,,
pico-decoder-tiny,pico-lm/pico-decoder-tiny@de9cd9bd9035dd4f914f6f69c10b9352e8b5c974,ds003604,37000,,Phon,ses-7,72,-0.0672688443319407,-0.0344976720261297,-0.0456688379898875,,
pico-decoder-tiny,pico-lm/pico-decoder-tiny@5373188422135e88150055fef33a4e3aac2bd5a8,ds003604,45000,,Phon,ses-7,72,-0.0748396612543041,-0.0339955715430977,-0.0501198974669937,,
pico-decoder-tiny,pico-lm/pico-decoder-tiny@6a777ce3230ad361b38533d232052d21852db2f0,ds003604,56000,,Phon,ses-7,72,-0.0361700366507605,-0.0178374715948407,-0.0242447072082418,,
pico-decoder-tiny,pico-lm/pico-decoder-tiny@807a5f576926680d3e81601211eeb7f086c9bbd6,ds003604,68000,,Phon,ses-7,72,-0.0295012979896044,-0.0210521494297174,-0.0197844601857721,,
pico-decoder-tiny,pico-lm/pico-decoder-tiny@fcd2b3ed5faa6b2389382af2bc876f1835ecff6a,ds003604,84000,,Phon,ses-7,72,-0.0225357480760832,-0.0192891018213361,-0.0149622238759803,,
pico-decoder-tiny,pico-lm/pico-decoder-tiny@3d9aaed7161ee69ed04d611c1ee9c81176178c6a,ds003604,103000,,Phon,ses-7,72,0.000468306829277,-0.0089906458067412,0.0002903264334867,,
pico-decoder-tiny,pico-lm/pico-decoder-tiny@6ce1a7d66569cb86b4589f3fc6298e885b8ab8e5,ds003604,126000,,Phon,ses-7,72,-0.0082137072348822,-0.0054114045097904,-0.0058224537483653,,
pico-decoder-tiny,pico-lm/pico-decoder-tiny@103adb71c10fcc35cebf2b93843f0dd76be7f44e,ds003604,0,,Phon,ses-9,72,-0.0065944679385585,0.0033076627168533,-0.0042323958974547,,
pico-decoder-tiny,pico-lm/pico-decoder-tiny@fa2c5d27a1fbae4ac24e49c80d0ff1a9cecfabd0,ds003604,1000,,Phon,ses-9,72,-0.014987949961157,-0.0188634665266577,-0.0103739637214458,,
pico-decoder-tiny,pico-lm/pico-decoder-tiny@c0dda9ee77ced01962ae332bbf283bcf238765a8,ds003604,2000,,Phon,ses-9,72,-0.0402136862799489,-0.0409125163646717,-0.0265385310339969,,
pico-decoder-tiny,pico-lm/pico-decoder-tiny@88ef3234093953618e0d8f3c898c9811ec24ed35,ds003604,3000,,Phon,ses-9,72,0.0312387745631154,0.0421309464943339,0.0207522149640613,,
pico-decoder-tiny,pico-lm/pico-decoder-tiny@84bc530a1fc367c8efc0b3957b86d1c509296091,ds003604,4000,,Phon,ses-9,72,0.0420263570016179,0.047855028922966,0.027969950601631,,
pico-decoder-tiny,pico-lm/pico-decoder-tiny@d31ea8a1afbffb6e7b934a4645ce44652a0d146f,ds003604,5000,,Phon,ses-9,72,0.0148838220516402,0.0393853416532488,0.0103127134190225,,
pico-decoder-tiny,pico-lm/pico-decoder-tiny@61eace927bb768764dca51562258d78a2fe54f76,ds003604,7000,,Phon,ses-9,72,-0.0269938030707176,-0.0088840658707968,-0.018146014595947,,
pico-decoder-tiny,pico-lm/pico-decoder-tiny@5db2932311894754cd4e80f811378100794ae014,ds003604,8000,,Phon,ses-9,72,-0.0326413264823492,-0.0184926505975709,-0.0217009821485993,,
pico-decoder-tiny,pico-lm/pico-decoder-tiny@a5175df52f960d869efda7045c5982e933d3b705,ds003604,10000,,Phon,ses-9,72,-0.015184183282425,-0.0099318279883306,-0.0101834752809092,,
pico-decoder-tiny,pico-lm/pico-decoder-tiny@46c9adae32a035be4680d5185fd1e87408bbc608,ds003604,13000,,Phon,ses-9,72,-0.0087584758564332,-0.0076284479981583,-0.0056846405679128,,
pico-decoder-tiny,pico-lm/pico-decoder-tiny@50fc297ab0c87309ed3b0c670e2d57d37acab44a,ds003604,16000,,Phon,ses-9,72,0.0131187066684127,-0.0003050502573235,0.0086166925449194,,
pico-decoder-tiny,pico-lm/pico-decoder-tiny@fd11f6e99d18679b34412651c839856af185d241,ds003604,20000,,Phon,ses-9,72,-0.0037642785440838,-0.0080102844076435,-0.00267357570078,,
pico-decoder-tiny,pico-lm/pico-decoder-tiny@e1dc0e8bf248742bffbb7184e2971541821cff1b,ds003604,24000,,Phon,ses-9,72,-0.0078437333705922,-0.0160347658913489,-0.0055015021636669,,
pico-decoder-tiny,pico-lm/pico-decoder-tiny@4e773530a79a36816566462c2b3d9ff7172b65f8,ds003604,30000,,Phon,ses-9,72,-0.0137758967826671,-0.022972619923066,-0.0094852218332828,,
pico-decoder-tiny,pico-lm/pico-decoder-tiny@de9cd9bd9035dd4f914f6f69c10b9352e8b5c974,ds003604,37000,,Phon,ses-9,72,-0.0218078400921275,-0.0259004964252397,-0.0148366607560124,,
pico-decoder-tiny,pico-lm/pico-decoder-tiny@5373188422135e88150055fef33a4e3aac2bd5a8,ds003604,45000,,Phon,ses-9,72,-0.0215045497698368,-0.0259494241335995,-0.0146106471400702,,
pico-decoder-tiny,pico-lm/pico-decoder-tiny@6a777ce3230ad361b38533d232052d21852db2f0,ds003604,56000,,Phon,ses-9,72,-0.0181183812956437,-0.0108948918912217,-0.0124638240401311,,
pico-decoder-tiny,pico-lm/pico-decoder-tiny@807a5f576926680d3e81601211eeb7f086c9bbd6,ds003604,68000,,Phon,ses-9,72,0.0025467696092858,-0.0135290728950018,0.0017376710797509,,
pico-decoder-tiny,pico-lm/pico-decoder-tiny@fcd2b3ed5faa6b2389382af2bc876f1835ecff6a,ds003604,84000,,Phon,ses-9,72,-0.0002437254212276,-0.0147987535211986,-4.532522379329248e-05,,
pico-decoder-tiny,pico-lm/pico-decoder-tiny@3d9aaed7161ee69ed04d611c1ee9c81176178c6a,ds003604,103000,,Phon,ses-9,72,0.0040880710696768,-0.0069175596067576,0.0026227379497686,,
pico-decoder-tiny,pico-lm/pico-decoder-tiny@6ce1a7d66569cb86b4589f3fc6298e885b8ab8e5,ds003604,126000,,Phon,ses-9,72,0.0082591081532221,-0.0036318257223791,0.0056289027927075,,
pico-decoder-tiny,pico-lm/pico-decoder-tiny@103adb71c10fcc35cebf2b93843f0dd76be7f44e,ds003604,0,,Plaus,ses-5,60,-0.0183092530841135,-0.003723584409715,-0.0120269678997678,,
pico-decoder-tiny,pico-lm/pico-decoder-tiny@fa2c5d27a1fbae4ac24e49c80d0ff1a9cecfabd0,ds003604,1000,,Plaus,ses-5,60,-0.0226689991428905,-0.0186534492668207,-0.0152935202307154,,
pico-decoder-tiny,pico-lm/pico-decoder-tiny@c0dda9ee77ced01962ae332bbf283bcf238765a8,ds003604,2000,,Plaus,ses-5,60,0.0108510392992214,0.010792455542454,0.0072414751223999,,
pico-decoder-tiny,pico-lm/pico-decoder-tiny@88ef3234093953618e0d8f3c898c9811ec24ed35,ds003604,3000,,Plaus,ses-5,60,-0.0047125778738716,-0.0059422698524778,-0.0029465400670045,,
pico-decoder-tiny,pico-lm/pico-decoder-tiny@84bc530a1fc367c8efc0b3957b86d1c509296091,ds003604,4000,,Plaus,ses-5,60,-0.0216122576370904,-0.0182687708504741,-0.0144248242647223,,
pico-decoder-tiny,pico-lm/pico-decoder-tiny@d31ea8a1afbffb6e7b934a4645ce44652a0d146f,ds003604,5000,,Plaus,ses-5,60,-0.0305390089206433,-0.0211104613856942,-0.020277024588567,,
pico-decoder-tiny,pico-lm/pico-decoder-tiny@61eace927bb768764dca51562258d78a2fe54f76,ds003604,7000,,Plaus,ses-5,60,-0.0472883324650828,-0.0348420200067655,-0.0315572972058011,,
pico-decoder-tiny,pico-lm/pico-decoder-tiny@5db2932311894754cd4e80f811378100794ae014,ds003604,8000,,Plaus,ses-5,60,-0.0493767539428648,-0.0340703597607101,-0.0327491991709063,,
pico-decoder-tiny,pico-lm/pico-decoder-tiny@a5175df52f960d869efda7045c5982e933d3b705,ds003604,10000,,Plaus,ses-5,60,-0.0322797392165736,-0.018811322050948,-0.021209595257942,,
pico-decoder-tiny,pico-lm/pico-decoder-tiny@46c9adae32a035be4680d5185fd1e87408bbc608,ds003604,13000,,Plaus,ses-5,60,-0.0309651740167379,-0.0210914350327361,-0.0208020746503658,,
pico-decoder-tiny,pico-lm/pico-decoder-tiny@50fc297ab0c87309ed3b0c670e2d57d37acab44a,ds003604,16000,,Plaus,ses-5,60,-0.0239717379648386,-0.0197655562907697,-0.0164407099034533,,
pico-decoder-tiny,pico-lm/pico-decoder-tiny@fd11f6e99d18679b34412651c839856af185d241,ds003604,20000,,Plaus,ses-5,60,-0.0398588222623134,-0.0291968073042343,-0.0269225487284143,,
pico-decoder-tiny,pico-lm/pico-decoder-tiny@e1dc0e8bf248742bffbb7184e2971541821cff1b,ds003604,24000,,Plaus,ses-5,60,-0.0094812937133371,-0.0080366698546674,-0.0062782445954016,,
pico-decoder-tiny,pico-lm/pico-decoder-tiny@4e773530a79a36816566462c2b3d9ff7172b65f8,ds003604,30000,,Plaus,ses-5,60,-0.0195245654345779,-0.0130837927188623,-0.0131422202208148,,
pico-decoder-tiny,pico-lm/pico-decoder-tiny@de9cd9bd9035dd4f914f6f69c10b9352e8b5c974,ds003604,37000,,Plaus,ses-5,60,-0.0040392750222608,0.0036965851144442,-0.00269487373568,,
pico-decoder-tiny,pico-lm/pico-decoder-tiny@5373188422135e88150055fef33a4e3aac2bd5a8,ds003604,45000,,Plaus,ses-5,60,-0.0005901254364824,0.0058417597149163,-0.0005014164215474,,
pico-decoder-tiny,pico-lm/pico-decoder-tiny@6a777ce3230ad361b38533d232052d21852db2f0,ds003604,56000,,Plaus,ses-5,60,0.004822977598357,0.0031331536278327,0.003296573441537,,
pico-decoder-tiny,pico-lm/pico-decoder-tiny@807a5f576926680d3e81601211eeb7f086c9bbd6,ds003604,68000,,Plaus,ses-5,60,0.0138174086565547,0.0074599964527982,0.0096291115348133,,
pico-decoder-tiny,pico-lm/pico-decoder-tiny@fcd2b3ed5faa6b2389382af2bc876f1835ecff6a,ds003604,84000,,Plaus,ses-5,60,-0.002257419660388,-0.0039293583213875,-0.0008501723020123,,
pico-decoder-tiny,pico-lm/pico-decoder-tiny@3d9aaed7161ee69ed04d611c1ee9c81176178c6a,ds003604,103000,,Plaus,ses-5,60,-0.0121403503673191,-0.0010789198822452,-0.0076477182359084,,
pico-decoder-tiny,pico-lm/pico-decoder-tiny@6ce1a7d66569cb86b4589f3fc6298e885b8ab8e5,ds003604,126000,,Plaus,ses-5,60,-0.0177724199248585,-0.0007008443197142,-0.0109692028117644,,
pico-decoder-tiny,pico-lm/pico-decoder-tiny@103adb71c10fcc35cebf2b93843f0dd76be7f44e,ds003604,0,,Plaus,ses-7,60,-0.0172997435131302,-0.0031461853846962,-0.0120129154650238,,
pico-decoder-tiny,pico-lm/pico-decoder-tiny@fa2c5d27a1fbae4ac24e49c80d0ff1a9cecfabd0,ds003604,1000,,Plaus,ses-7,60,-0.0293534150784186,-0.0201812751296916,-0.0200164157987691,,
pico-decoder-tiny,pico-lm/pico-decoder-tiny@c0dda9ee77ced01962ae332bbf283bcf238765a8,ds003604,2000,,Plaus,ses-7,60,0.0312527421872721,0.0164588754366894,0.0206206704927614,,
pico-decoder-tiny,pico-lm/pico-decoder-tiny@88ef3234093953618e0d8f3c898c9811ec24ed35,ds003604,3000,,Plaus,ses-7,60,0.0030905636373255,-0.0046104328169856,0.0021008389942289,,
pico-decoder-tiny,pico-lm/pico-decoder-tiny@84bc530a1fc367c8efc0b3957b86d1c509296091,ds003604,4000,,Plaus,ses-7,60,-0.0260994277780549,-0.0179700487770405,-0.0174435427465483,,
pico-decoder-tiny,pico-lm/pico-decoder-tiny@d31ea8a1afbffb6e7b934a4645ce44652a0d146f,ds003604,5000,,Plaus,ses-7,60,-0.0368891830683857,-0.0218142271877702,-0.0245042524583776,,
pico-decoder-tiny,pico-lm/pico-decoder-tiny@61eace927bb768764dca51562258d78a2fe54f76,ds003604,7000,,Plaus,ses-7,60,-0.0937576487680568,-0.0434826835134272,-0.0622031023943432,,
pico-decoder-tiny,pico-lm/pico-decoder-tiny@5db2932311894754cd4e80f811378100794ae014,ds003604,8000,,Plaus,ses-7,60,-0.0846546877000113,-0.0414740334686116,-0.0562691424501697,,
pico-decoder-tiny,pico-lm/pico-decoder-tiny@a5175df52f960d869efda7045c5982e933d3b705,ds003604,10000,,Plaus,ses-7,60,-0.0565153417416644,-0.0225685413901527,-0.0376087866041972,,
pico-decoder-tiny,pico-lm/pico-decoder-tiny@46c9adae32a035be4680d5185fd1e87408bbc608,ds003604,13000,,Plaus,ses-7,60,-0.062906314188092,-0.0256521603177512,-0.0419637638807714,,
pico-decoder-tiny,pico-lm/pico-decoder-tiny@50fc297ab0c87309ed3b0c670e2d57d37acab44a,ds003604,16000,,Plaus,ses-7,60,-0.0413536071786135,-0.023184094522605,-0.0280748483774228,,
pico-decoder-tiny,pico-lm/pico-decoder-tiny@fd11f6e99d18679b34412651c839856af185d241,ds003604,20000,,Plaus,ses-7,60,-0.0624393810896141,-0.0344951009850622,-0.0420263610900856,,
pico-decoder-tiny,pico-lm/pico-decoder-tiny@e1dc0e8bf248742bffbb7184e2971541821cff1b,ds003604,24000,,Plaus,ses-7,60,-0.0091793845718494,-0.0064270967929647,-0.0066065605707843,,
pico-decoder-tiny,pico-lm/pico-decoder-tiny@4e773530a79a36816566462c2b3d9ff7172b65f8,ds003604,30000,,Plaus,ses-7,60,-0.0252016942492766,-0.0141504889333089,-0.0172698035533497,,
pico-decoder-tiny,pico-lm/pico-decoder-tiny@de9cd9bd9035dd4f914f6f69c10b9352e8b5c974,ds003604,37000,,Plaus,ses-7,60,0.0220698248502073,0.0102053815573604,0.0143481746206641,,
pico-decoder-tiny,pico-lm/pico-decoder-tiny@5373188422135e88150055fef33a4e3aac2bd5a8,ds003604,45000,,Plaus,ses-7,60,0.0217136615239036,0.0126137697380137,0.013978978835117,,
pico-decoder-tiny,pico-lm/pico-decoder-tiny@6a777ce3230ad361b38533d232052d21852db2f0,ds003604,56000,,Plaus,ses-7,60,0.0362984874122192,0.0105435757492433,0.0235742367771379,,
pico-decoder-tiny,pico-lm/pico-decoder-tiny@807a5f576926680d3e81601211eeb7f086c9bbd6,ds003604,68000,,Plaus,ses-7,60,0.0499399773451827,0.0164706303159296,0.0331439448378061,,
pico-decoder-tiny,pico-lm/pico-decoder-tiny@fcd2b3ed5faa6b2389382af2bc876f1835ecff6a,ds003604,84000,,Plaus,ses-7,60,0.0260907803478557,0.0026635743717733,0.0172813009999584,,
pico-decoder-tiny,pico-lm/pico-decoder-tiny@3d9aaed7161ee69ed04d611c1ee9c81176178c6a,ds003604,103000,,Plaus,ses-7,60,0.0019040847102781,0.0032101638220855,0.0016383861417443,,
pico-decoder-tiny,pico-lm/pico-decoder-tiny@6ce1a7d66569cb86b4589f3fc6298e885b8ab8e5,ds003604,126000,,Plaus,ses-7,60,-0.0021263946463058,0.0030225256700128,-0.0007096479545723,,
pico-decoder-tiny,pico-lm/pico-decoder-tiny@103adb71c10fcc35cebf2b93843f0dd76be7f44e,ds003604,0,,Plaus,ses-9,60,-0.0085627422970421,-0.0047535943361464,-0.006048295663227,,
pico-decoder-tiny,pico-lm/pico-decoder-tiny@fa2c5d27a1fbae4ac24e49c80d0ff1a9cecfabd0,ds003604,1000,,Plaus,ses-9,60,-0.0302125641025793,-0.0211745673527979,-0.0205440208487031,,
pico-decoder-tiny,pico-lm/pico-decoder-tiny@c0dda9ee77ced01962ae332bbf283bcf238765a8,ds003604,2000,,Plaus,ses-9,60,0.0117478747590476,0.0054097497824876,0.0078367873579187,,
pico-decoder-tiny,pico-lm/pico-decoder-tiny@88ef3234093953618e0d8f3c898c9811ec24ed35,ds003604,3000,,Plaus,ses-9,60,0.0060271409096857,-0.0040083573649299,0.0045293552168067,,
pico-decoder-tiny,pico-lm/pico-decoder-tiny@84bc530a1fc367c8efc0b3957b86d1c509296091,ds003604,4000,,Plaus,ses-9,60,-0.0148045941810076,-0.0155251300462725,-0.0096699913449776,,
pico-decoder-tiny,pico-lm/pico-decoder-tiny@d31ea8a1afbffb6e7b934a4645ce44652a0d146f,ds003604,5000,,Plaus,ses-9,60,-0.018082448475282,-0.0174314669562537,-0.0119758681370623,,
pico-decoder-tiny,pico-lm/pico-decoder-tiny@61eace927bb768764dca51562258d78a2fe54f76,ds003604,7000,,Plaus,ses-9,60,-0.0641365539593558,-0.0397015497407838,-0.0425437461874786,,
pico-decoder-tiny,pico-lm/pico-decoder-tiny@5db2932311894754cd4e80f811378100794ae014,ds003604,8000,,Plaus,ses-9,60,-0.0624518545099516,-0.0379964536710895,-0.0415741281901422,,
pico-decoder-tiny,pico-lm/pico-decoder-tiny@a5175df52f960d869efda7045c5982e933d3b705,ds003604,10000,,Plaus,ses-9,60,-0.0447012684807374,-0.021447010230471,-0.0296129512348577,,
pico-decoder-tiny,pico-lm/pico-decoder-tiny@46c9adae32a035be4680d5185fd1e87408bbc608,ds003604,13000,,Plaus,ses-9,60,-0.0488979641701974,-0.0252417305430878,-0.0327364242302299,,
pico-decoder-tiny,pico-lm/pico-decoder-tiny@50fc297ab0c87309ed3b0c670e2d57d37acab44a,ds003604,16000,,Plaus,ses-9,60,-0.0419352572246117,-0.0243854435263646,-0.0286637731426034,,
pico-decoder-tiny,pico-lm/pico-decoder-tiny@fd11f6e99d18679b34412651c839856af185d241,ds003604,20000,,Plaus,ses-9,60,-0.0594352647040112,-0.0331663818647983,-0.0402493668420027,,
pico-decoder-tiny,pico-lm/pico-decoder-tiny@e1dc0e8bf248742bffbb7184e2971541821cff1b,ds003604,24000,,Plaus,ses-9,60,-0.0194812590348915,-0.0089382130880089,-0.0132354772877523,,
pico-decoder-tiny,pico-lm/pico-decoder-tiny@4e773530a79a36816566462c2b3d9ff7172b65f8,ds003604,30000,,Plaus,ses-9,60,-0.0382530446796174,-0.0181841711124482,-0.0254291581633467,,
pico-decoder-tiny,pico-lm/pico-decoder-tiny@de9cd9bd9035dd4f914f6f69c10b9352e8b5c974,ds003604,37000,,Plaus,ses-9,60,0.0125589219117198,0.0051580923753682,0.0085828438934186,,
pico-decoder-tiny,pico-lm/pico-decoder-tiny@5373188422135e88150055fef33a4e3aac2bd5a8,ds003604,45000,,Plaus,ses-9,60,0.0087058771758378,0.0071282588347652,0.0059090488098545,,
pico-decoder-tiny,pico-lm/pico-decoder-tiny@6a777ce3230ad361b38533d232052d21852db2f0,ds003604,56000,,Plaus,ses-9,60,0.0126413689695677,0.0049404612009234,0.0088613376001635,,
pico-decoder-tiny,pico-lm/pico-decoder-tiny@807a5f576926680d3e81601211eeb7f086c9bbd6,ds003604,68000,,Plaus,ses-9,60,0.0244166196835041,0.010761942863158,0.0169465975542376,,
pico-decoder-tiny,pico-lm/pico-decoder-tiny@fcd2b3ed5faa6b2389382af2bc876f1835ecff6a,ds003604,84000,,Plaus,ses-9,60,0.0052335833793535,-0.0023832144332604,0.0041013947041483,,
pico-decoder-tiny,pico-lm/pico-decoder-tiny@3d9aaed7161ee69ed04d611c1ee9c81176178c6a,ds003604,103000,,Plaus,ses-9,60,-0.0055214913012743,0.0022935009716139,-0.003127944224609,,
pico-decoder-tiny,pico-lm/pico-decoder-tiny@6ce1a7d66569cb86b4589f3fc6298e885b8ab8e5,ds003604,126000,,Plaus,ses-9,60,-0.012182624528716,0.0019008314735997,-0.0070626259529307,,
pico-decoder-tiny,pico-lm/pico-decoder-tiny@103adb71c10fcc35cebf2b93843f0dd76be7f44e,ds003604,0,,Sem,ses-5,72,-0.021912689495234,-0.0289144207674472,-0.0145640969102284,,
pico-decoder-tiny,pico-lm/pico-decoder-tiny@fa2c5d27a1fbae4ac24e49c80d0ff1a9cecfabd0,ds003604,1000,,Sem,ses-5,72,-0.0031491398644823,0.0271004364612194,-0.0018503716362099,,
pico-decoder-tiny,pico-lm/pico-decoder-tiny@c0dda9ee77ced01962ae332bbf283bcf238765a8,ds003604,2000,,Sem,ses-5,72,0.0036296919634499,-0.0038576508990662,0.0024255119759653,,
pico-decoder-tiny,pico-lm/pico-decoder-tiny@88ef3234093953618e0d8f3c898c9811ec24ed35,ds003604,3000,,Sem,ses-5,72,0.0054328496052971,-0.0120198735154724,0.0036462305032631,,
pico-decoder-tiny,pico-lm/pico-decoder-tiny@84bc530a1fc367c8efc0b3957b86d1c509296091,ds003604,4000,,Sem,ses-5,72,0.012216144057923,0.0077633346445123,0.007947226739432,,
pico-decoder-tiny,pico-lm/pico-decoder-tiny@d31ea8a1afbffb6e7b934a4645ce44652a0d146f,ds003604,5000,,Sem,ses-5,72,0.004322545707059,0.0226253494442066,0.0027966888086509,,
pico-decoder-tiny,pico-lm/pico-decoder-tiny@61eace927bb768764dca51562258d78a2fe54f76,ds003604,7000,,Sem,ses-5,72,-0.0055778489768827,-0.0032688551256728,-0.0037491310113343,,
pico-decoder-tiny,pico-lm/pico-decoder-tiny@5db2932311894754cd4e80f811378100794ae014,ds003604,8000,,Sem,ses-5,72,-0.0037976821163272,-0.0109290194283519,-0.0024383745394742,,
pico-decoder-tiny,pico-lm/pico-decoder-tiny@a5175df52f960d869efda7045c5982e933d3b705,ds003604,10000,,Sem,ses-5,72,-0.0236352956834335,-0.0260768570074032,-0.0158907784607186,,
pico-decoder-tiny,pico-lm/pico-decoder-tiny@46c9adae32a035be4680d5185fd1e87408bbc608,ds003604,13000,,Sem,ses-5,72,-0.040826761085457,-0.0447334041478167,-0.0274707606368806,,
pico-decoder-tiny,pico-lm/pico-decoder-tiny@50fc297ab0c87309ed3b0c670e2d57d37acab44a,ds003604,16000,,Sem,ses-5,72,-0.0552753270380789,-0.0515874553598102,-0.0368628820104799,,
pico-decoder-tiny,pico-lm/pico-decoder-tiny@fd11f6e99d18679b34412651c839856af185d241,ds003604,20000,,Sem,ses-5,72,-0.044788370282195,-0.0491181594998945,-0.030092886083625,,
pico-decoder-tiny,pico-lm/pico-decoder-tiny@e1dc0e8bf248742bffbb7184e2971541821cff1b,ds003604,24000,,Sem,ses-5,72,-0.0595298238268234,-0.0492846592923085,-0.0397104085701423,,
pico-decoder-tiny,pico-lm/pico-decoder-tiny@4e773530a79a36816566462c2b3d9ff7172b65f8,ds003604,30000,,Sem,ses-5,72,-0.0325117285555999,-0.0280468748282052,-0.0214902811082629,,
pico-decoder-tiny,pico-lm/pico-decoder-tiny@de9cd9bd9035dd4f914f6f69c10b9352e8b5c974,ds003604,37000,,Sem,ses-5,72,-0.044182090020403,-0.0334311727117008,-0.0292941821400243,,
pico-decoder-tiny,pico-lm/pico-decoder-tiny@5373188422135e88150055fef33a4e3aac2bd5a8,ds003604,45000,,Sem,ses-5,72,-0.0503175651520119,-0.0273969945075269,-0.0341066184014283,,
pico-decoder-tiny,pico-lm/pico-decoder-tiny@6a777ce3230ad361b38533d232052d21852db2f0,ds003604,56000,,Sem,ses-5,72,-0.0371971841010652,-0.0340039483721643,-0.0251701992778589,,
pico-decoder-tiny,pico-lm/pico-decoder-tiny@807a5f576926680d3e81601211eeb7f086c9bbd6,ds003604,68000,,Sem,ses-5,72,-0.0478170738950033,-0.0396809706320955,-0.0317043815403838,,
pico-decoder-tiny,pico-lm/pico-decoder-tiny@fcd2b3ed5faa6b2389382af2bc876f1835ecff6a,ds003604,84000,,Sem,ses-5,72,-0.0376254149796319,-0.0300406392641002,-0.0247745223242039,,
pico-decoder-tiny,pico-lm/pico-decoder-tiny@3d9aaed7161ee69ed04d611c1ee9c81176178c6a,ds003604,103000,,Sem,ses-5,72,-0.0242815182327807,-0.0197024460726209,-0.0158815909153551,,
pico-decoder-tiny,pico-lm/pico-decoder-tiny@6ce1a7d66569cb86b4589f3fc6298e885b8ab8e5,ds003604,126000,,Sem,ses-5,72,-0.0192439105770353,-0.0084458707969425,-0.0127468004373271,,
pico-decoder-tiny,pico-lm/pico-decoder-tiny@103adb71c10fcc35cebf2b93843f0dd76be7f44e,ds003604,0,,Sem,ses-7,72,-0.0287451935475002,-0.0289383198569735,-0.0190819192169761,,
pico-decoder-tiny,pico-lm/pico-decoder-tiny@fa2c5d27a1fbae4ac24e49c80d0ff1a9cecfabd0,ds003604,1000,,Sem,ses-7,72,0.0438598144997582,0.0302371132733916,0.0290185557791191,,
pico-decoder-tiny,pico-lm/pico-decoder-tiny@c0dda9ee77ced01962ae332bbf283bcf238765a8,ds003604,2000,,Sem,ses-7,72,0.0063424043797592,-0.0034641382050268,0.0038354939377513,,
pico-decoder-tiny,pico-lm/pico-decoder-tiny@88ef3234093953618e0d8f3c898c9811ec24ed35,ds003604,3000,,Sem,ses-7,72,0.005667265315912,-0.0115509901839275,0.0037932312290791,,
pico-decoder-tiny,pico-lm/pico-decoder-tiny@84bc530a1fc367c8efc0b3957b86d1c509296091,ds003604,4000,,Sem,ses-7,72,0.023228803033044,0.0086080871925846,0.0156819149294549,,
pico-decoder-tiny,pico-lm/pico-decoder-tiny@d31ea8a1afbffb6e7b934a4645ce44652a0d146f,ds003604,5000,,Sem,ses-7,72,0.0484270572010861,0.025211390815123,0.0324504102239004,,
pico-decoder-tiny,pico-lm/pico-decoder-tiny@61eace927bb768764dca51562258d78a2fe54f76,ds003604,7000,,Sem,ses-7,72,0.0053343527951522,-0.0023154288886166,0.0035519050375311,,
pico-decoder-tiny,pico-lm/pico-decoder-tiny@5db2932311894754cd4e80f811378100794ae014,ds003604,8000,,Sem,ses-7,72,-0.0089564554221466,-0.0110408378684865,-0.0058206162392926,,
pico-decoder-tiny,pico-lm/pico-decoder-tiny@a5175df52f960d869efda7045c5982e933d3b705,ds003604,10000,,Sem,ses-7,72,-0.02345817691196,-0.0257207959301502,-0.0157572528014357,,
pico-decoder-tiny,pico-lm/pico-decoder-tiny@46c9adae32a035be4680d5185fd1e87408bbc608,ds003604,13000,,Sem,ses-7,72,-0.056017229410647,-0.0445202160868759,-0.0369817075971812,,
pico-decoder-tiny,pico-lm/pico-decoder-tiny@50fc297ab0c87309ed3b0c670e2d57d37acab44a,ds003604,16000,,Sem,ses-7,72,-0.0561784494528579,-0.0515440409691114,-0.0373394093633337,,
pico-decoder-tiny,pico-lm/pico-decoder-tiny@fd11f6e99d18679b34412651c839856af185d241,ds003604,20000,,Sem,ses-7,72,-0.0414694976134856,-0.0482847918648364,-0.0271087713495585,,
pico-decoder-tiny,pico-lm/pico-decoder-tiny@e1dc0e8bf248742bffbb7184e2971541821cff1b,ds003604,24000,,Sem,ses-7,72,-0.0379503249579461,-0.0480245464413015,-0.0247040844764171,,
pico-decoder-tiny,pico-lm/pico-decoder-tiny@4e773530a79a36816566462c2b3d9ff7172b65f8,ds003604,30000,,Sem,ses-7,72,0.0026277292385898,-0.0251215267325001,0.001931834538433,,
pico-decoder-tiny,pico-lm/pico-decoder-tiny@de9cd9bd9035dd4f914f6f69c10b9352e8b5c974,ds003604,37000,,Sem,ses-7,72,-0.000535190866009,-0.0296865182186077,1.163755746043996e-05,,
pico-decoder-tiny,pico-lm/pico-decoder-tiny@5373188422135e88150055fef33a4e3aac2bd5a8,ds003604,45000,,Sem,ses-7,72,0.0173278305649627,-0.0244386152718495,0.0120565095290157,,
pico-decoder-tiny,pico-lm/pico-decoder-tiny@6a777ce3230ad361b38533d232052d21852db2f0,ds003604,56000,,Sem,ses-7,72,-0.0027763626670313,-0.032610228962826,-0.0015557576815535,,
pico-decoder-tiny,pico-lm/pico-decoder-tiny@807a5f576926680d3e81601211eeb7f086c9bbd6,ds003604,68000,,Sem,ses-7,72,-0.0186322607932288,-0.0378936804549791,-0.0120136343173194,,
pico-decoder-tiny,pico-lm/pico-decoder-tiny@fcd2b3ed5faa6b2389382af2bc876f1835ecff6a,ds003604,84000,,Sem,ses-7,72,-0.0141612649056021,-0.0281872823359637,-0.009139770127615,,
pico-decoder-tiny,pico-lm/pico-decoder-tiny@3d9aaed7161ee69ed04d611c1ee9c81176178c6a,ds003604,103000,,Sem,ses-7,72,-0.0248837397338208,-0.0188629918893867,-0.016693769925489,,
pico-decoder-tiny,pico-lm/pico-decoder-tiny@6ce1a7d66569cb86b4589f3fc6298e885b8ab8e5,ds003604,126000,,Sem,ses-7,72,-0.0002075149227277,-0.0070872686911852,-1.6537581654309418e-05,,
pico-decoder-tiny,pico-lm/pico-decoder-tiny@103adb71c10fcc35cebf2b93843f0dd76be7f44e,ds003604,0,,Sem,ses-9,72,-0.0167045046578034,-0.0266598207788072,-0.0111334674714956,,
pico-decoder-tiny,pico-lm/pico-decoder-tiny@fa2c5d27a1fbae4ac24e49c80d0ff1a9cecfabd0,ds003604,1000,,Sem,ses-9,72,0.0444024833162602,0.029235599854104,0.0298117471955017,,
pico-decoder-tiny,pico-lm/pico-decoder-tiny@c0dda9ee77ced01962ae332bbf283bcf238765a8,ds003604,2000,,Sem,ses-9,72,-0.0080188860001718,-0.0049331346614379,-0.0055560149328237,,
pico-decoder-tiny,pico-lm/pico-decoder-tiny@88ef3234093953618e0d8f3c898c9811ec24ed35,ds003604,3000,,Sem,ses-9,72,-0.0039773304270795,-0.0134953544719173,-0.0027685136695362,,
pico-decoder-tiny,pico-lm/pico-decoder-tiny@84bc530a1fc367c8efc0b3957b86d1c509296091,ds003604,4000,,Sem,ses-9,72,0.0075252464099127,0.0040705475289135,0.0051340003491267,,
pico-decoder-tiny,pico-lm/pico-decoder-tiny@d31ea8a1afbffb6e7b934a4645ce44652a0d146f,ds003604,5000,,Sem,ses-9,72,0.026526038080252,0.0180440463405073,0.0178048504114489,,
pico-decoder-tiny,pico-lm/pico-decoder-tiny@61eace927bb768764dca51562258d78a2fe54f76,ds003604,7000,,Sem,ses-9,72,-0.0051258353987614,-0.0072286406888385,-0.0032830162098925,,
pico-decoder-tiny,pico-lm/pico-decoder-tiny@5db2932311894754cd4e80f811378100794ae014,ds003604,8000,,Sem,ses-9,72,-0.0133661071077858,-0.0146889318840962,-0.0088273935852558,,
pico-decoder-tiny,pico-lm/pico-decoder-tiny@a5175df52f960d869efda7045c5982e933d3b705,ds003604,10000,,Sem,ses-9,72,-0.0262370691182702,-0.0282800277386892,-0.0174814488146535,,
pico-decoder-tiny,pico-lm/pico-decoder-tiny@46c9adae32a035be4680d5185fd1e87408bbc608,ds003604,13000,,Sem,ses-9,72,-0.0468439522296363,-0.0440875570258478,-0.0312443917691843,,
pico-decoder-tiny,pico-lm/pico-decoder-tiny@50fc297ab0c87309ed3b0c670e2d57d37acab44a,ds003604,16000,,Sem,ses-9,72,-0.0482736557348279,-0.0509366158608001,-0.0320835209123845,,
pico-decoder-tiny,pico-lm/pico-decoder-tiny@fd11f6e99d18679b34412651c839856af185d241,ds003604,20000,,Sem,ses-9,72,-0.0401973743446961,-0.0466490345231329,-0.0263119049150305,,
pico-decoder-tiny,pico-lm/pico-decoder-tiny@e1dc0e8bf248742bffbb7184e2971541821cff1b,ds003604,24000,,Sem,ses-9,72,-0.0393956304027065,-0.0466971108968622,-0.0259480781186357,,
pico-decoder-tiny,pico-lm/pico-decoder-tiny@4e773530a79a36816566462c2b3d9ff7172b65f8,ds003604,30000,,Sem,ses-9,72,-0.013056155904934,-0.0263139144898626,-0.0085964799451197,,
pico-decoder-tiny,pico-lm/pico-decoder-tiny@de9cd9bd9035dd4f914f6f69c10b9352e8b5c974,ds003604,37000,,Sem,ses-9,72,-0.0115209655814824,-0.0297987390611598,-0.0077187631113928,,
pico-decoder-tiny,pico-lm/pico-decoder-tiny@5373188422135e88150055fef33a4e3aac2bd5a8,ds003604,45000,,Sem,ses-9,72,-0.0018358605604551,-0.0257166427615122,-0.0014179445011009,,
pico-decoder-tiny,pico-lm/pico-decoder-tiny@6a777ce3230ad361b38533d232052d21852db2f0,ds003604,56000,,Sem,ses-9,72,-0.0127998323720311,-0.0330631533692456,-0.0089015064511881,,
pico-decoder-tiny,pico-lm/pico-decoder-tiny@807a5f576926680d3e81601211eeb7f086c9bbd6,ds003604,68000,,Sem,ses-9,72,-0.0231365812049964,-0.0382602697952997,-0.0152311127036189,,
pico-decoder-tiny,pico-lm/pico-decoder-tiny@fcd2b3ed5faa6b2389382af2bc876f1835ecff6a,ds003604,84000,,Sem,ses-9,72,-0.015281988780983,-0.0295890879895245,-0.0096781602859164,,
pico-decoder-tiny,pico-lm/pico-decoder-tiny@3d9aaed7161ee69ed04d611c1ee9c81176178c6a,ds003604,103000,,Sem,ses-9,72,-0.036711973194386,-0.0224837129698323,-0.0242563447657022,,
pico-decoder-tiny,pico-lm/pico-decoder-tiny@6ce1a7d66569cb86b4589f3fc6298e885b8ab8e5,ds003604,126000,,Sem,ses-9,72,-0.0189104016024113,-0.0113490280140264,-0.0122108602911226,,
