family,model_ref,step,task,session,layer,n_layers,n_stim,rsa,rsa_pearson,rsa_kendall
beetle-humanscale-eng,Beetle-HumanScale/beetle-monolingual-humanscale-eng@step-0,0,Sem,ses-5,0,14,72,0.007369793286086067,0.010292417072745887,0.005027424822910063
beetle-humanscale-eng,Beetle-HumanScale/beetle-monolingual-humanscale-eng@step-0,0,Sem,ses-7,0,14,72,-0.006036543556900374,0.008968063721618857,-0.0038783691494476747
beetle-humanscale-eng,Beetle-HumanScale/beetle-monolingual-humanscale-eng@step-0,0,Sem,ses-9,0,14,72,-0.008012445735678431,0.009195807819760643,-0.005031712344079699
beetle-humanscale-eng,Beetle-HumanScale/beetle-monolingual-humanscale-eng@step-0,0,Sem,ses-5,1,14,72,0.015605245216717575,0.009709940658004844,0.010274125728495783
beetle-humanscale-eng,Beetle-HumanScale/beetle-monolingual-humanscale-eng@step-0,0,Sem,ses-7,1,14,72,-0.006180817123181495,0.008532648281917018,-0.004509247264408368
beetle-humanscale-eng,Beetle-HumanScale/beetle-monolingual-humanscale-eng@step-0,0,Sem,ses-9,1,14,72,-0.014262256042689367,0.0077532672468817575,-0.009717360479467366
beetle-humanscale-eng,Beetle-HumanScale/beetle-monolingual-humanscale-eng@step-0,0,Sem,ses-5,2,14,72,0.006102724784139485,0.010113518935784549,0.0040823326565174916
beetle-humanscale-eng,Beetle-HumanScale/beetle-monolingual-humanscale-eng@step-0,0,Sem,ses-7,2,14,72,0.0004869212201688316,0.009869007318357565,-1.6537581654309418e-05
beetle-humanscale-eng,Beetle-HumanScale/beetle-monolingual-humanscale-eng@step-0,0,Sem,ses-9,2,14,72,-0.010884412770923762,0.009657974064911923,-0.0071393352504677985
beetle-humanscale-eng,Beetle-HumanScale/beetle-monolingual-humanscale-eng@step-0,0,Sem,ses-5,3,14,72,0.016186865345017606,0.01776538727545817,0.011172667665046595
beetle-humanscale-eng,Beetle-HumanScale/beetle-monolingual-humanscale-eng@step-0,0,Sem,ses-7,3,14,72,0.004399610420769061,0.01684341866775702,0.002924701940715832
beetle-humanscale-eng,Beetle-HumanScale/beetle-monolingual-humanscale-eng@step-0,0,Sem,ses-9,3,14,72,-0.009504194096492962,0.017283913581938804,-0.006367581439933359
beetle-humanscale-eng,Beetle-HumanScale/beetle-monolingual-humanscale-eng@step-0,0,Sem,ses-5,4,14,72,0.011888026163887101,0.015950518165248315,0.008028077138630872
beetle-humanscale-eng,Beetle-HumanScale/beetle-monolingual-humanscale-eng@step-0,0,Sem,ses-7,4,14,72,0.004292522519124618,0.01543824549415649,0.002903876837891887
beetle-humanscale-eng,Beetle-HumanScale/beetle-monolingual-humanscale-eng@step-0,0,Sem,ses-9,4,14,72,-0.006450245394234463,0.017035396438846842,-0.004172370601079843
beetle-humanscale-eng,Beetle-HumanScale/beetle-monolingual-humanscale-eng@step-0,0,Sem,ses-5,5,14,72,0.003977847832841117,0.0007611213063596911,0.0028934642864799145
beetle-humanscale-eng,Beetle-HumanScale/beetle-monolingual-humanscale-eng@step-0,0,Sem,ses-7,5,14,72,-0.012513358455610777,0.00017563718285687306,-0.008317791069093403
beetle-humanscale-eng,Beetle-HumanScale/beetle-monolingual-humanscale-eng@step-0,0,Sem,ses-9,5,14,72,-0.018947103636384823,0.0016003332139431867,-0.01261572479014115
beetle-humanscale-eng,Beetle-HumanScale/beetle-monolingual-humanscale-eng@step-0,0,Sem,ses-5,6,14,72,0.0023387710558948377,0.006933731925282656,0.0019532721442812122
beetle-humanscale-eng,Beetle-HumanScale/beetle-monolingual-humanscale-eng@step-0,0,Sem,ses-7,6,14,72,-0.01009146328964262,0.006543028580461605,-0.006647495322008152
beetle-humanscale-eng,Beetle-HumanScale/beetle-monolingual-humanscale-eng@step-0,0,Sem,ses-9,6,14,72,-0.017255346329480947,0.007928981860090417,-0.01133130594832312
beetle-humanscale-eng,Beetle-HumanScale/beetle-monolingual-humanscale-eng@step-0,0,Sem,ses-5,7,14,72,0.003593206952448768,0.0011436169535588292,0.0026270254709382626
beetle-humanscale-eng,Beetle-HumanScale/beetle-monolingual-humanscale-eng@step-0,0,Sem,ses-7,7,14,72,-0.010336219210678755,0.0007707976058266511,-0.006942721779688787
beetle-humanscale-eng,Beetle-HumanScale/beetle-monolingual-humanscale-eng@step-0,0,Sem,ses-9,7,14,72,-0.014589781794575964,0.002423136078631566,-0.009786573321205774
beetle-humanscale-eng,Beetle-HumanScale/beetle-monolingual-humanscale-eng@step-0,0,Sem,ses-5,8,14,72,0.0081876127376402,0.0015818316396402233,0.0056270652836348375
beetle-humanscale-eng,Beetle-HumanScale/beetle-monolingual-humanscale-eng@step-0,0,Sem,ses-7,8,14,72,-0.010136137684058969,0.0012309439142253967,-0.00666219539458976
beetle-humanscale-eng,Beetle-HumanScale/beetle-monolingual-humanscale-eng@step-0,0,Sem,ses-9,8,14,72,-0.012261972554635363,0.002752127736789383,-0.007920889109389977
beetle-humanscale-eng,Beetle-HumanScale/beetle-monolingual-humanscale-eng@step-0,0,Sem,ses-5,9,14,72,0.012090125572977025,0.00592360721712991,0.008076464877545332
beetle-humanscale-eng,Beetle-HumanScale/beetle-monolingual-humanscale-eng@step-0,0,Sem,ses-7,9,14,72,-0.000842886323464167,0.005725719878065937,-0.0003871019113156871
beetle-humanscale-eng,Beetle-HumanScale/beetle-monolingual-humanscale-eng@step-0,0,Sem,ses-9,9,14,72,-0.003254751722468033,0.0067749843043532175,-0.0019128469446817891
beetle-humanscale-eng,Beetle-HumanScale/beetle-monolingual-humanscale-eng@step-0,0,Sem,ses-5,10,14,72,0.011279162466382863,-0.0022726427030067345,0.007394749011573244
beetle-humanscale-eng,Beetle-HumanScale/beetle-monolingual-humanscale-eng@step-0,0,Sem,ses-7,10,14,72,-0.0038502778492294776,-0.002341494068641656,-0.0025596501382725576
beetle-humanscale-eng,Beetle-HumanScale/beetle-monolingual-humanscale-eng@step-0,0,Sem,ses-9,10,14,72,-0.006604942530753961,-0.0012868273277096502,-0.004183395655516049
beetle-humanscale-eng,Beetle-HumanScale/beetle-monolingual-humanscale-eng@step-0,0,Sem,ses-5,11,14,72,0.011389812562971918,-0.005023368843627661,0.007490299483353699
beetle-humanscale-eng,Beetle-HumanScale/beetle-monolingual-humanscale-eng@step-0,0,Sem,ses-7,11,14,72,-0.005534643439933975,-0.005167966498618906,-0.0036462305032631094
beetle-humanscale-eng,Beetle-HumanScale/beetle-monolingual-humanscale-eng@step-0,0,Sem,ses-9,11,14,72,-0.008433333045526377,-0.004298832049487838,-0.005379001558820196
beetle-humanscale-eng,Beetle-HumanScale/beetle-monolingual-humanscale-eng@step-0,0,Sem,ses-5,12,14,72,0.016644041482848836,-0.0013733013926756632,0.01111692988984133
beetle-humanscale-eng,Beetle-HumanScale/beetle-monolingual-humanscale-eng@step-0,0,Sem,ses-7,12,14,72,0.0009756713259810046,-0.0013477769755026493,0.0007582787440012984
beetle-humanscale-eng,Beetle-HumanScale/beetle-monolingual-humanscale-eng@step-0,0,Sem,ses-9,12,14,72,-0.0024154649621423723,0.00026092467927193996,-0.001239093618024739
beetle-humanscale-eng,Beetle-HumanScale/beetle-monolingual-humanscale-eng@step-0,0,Sem,ses-5,13,14,72,0.013969877951634138,0.00135831827364509,0.009136095109469602
beetle-humanscale-eng,Beetle-HumanScale/beetle-monolingual-humanscale-eng@step-0,0,Sem,ses-7,13,14,72,0.0012574885905472174,0.0015157026494058926,0.0008170790343277319
beetle-humanscale-eng,Beetle-HumanScale/beetle-monolingual-humanscale-eng@step-0,0,Sem,ses-9,13,14,72,-0.003202265938290143,0.0037882454855927387,-0.00199614735597757
beetle-humanscale-eng,Beetle-HumanScale/beetle-monolingual-humanscale-eng@step-0,0,Phon,ses-5,0,14,72,-0.023087691390861458,-0.030220126901493317,-0.015436301216737258
beetle-humanscale-eng,Beetle-HumanScale/beetle-monolingual-humanscale-eng@step-0,0,Phon,ses-7,0,14,72,-0.025396645502507368,-0.031001734310501232,-0.016765432779324345
beetle-humanscale-eng,Beetle-HumanScale/beetle-monolingual-humanscale-eng@step-0,0,Phon,ses-9,0,14,72,-0.012833242411846569,-0.027706078851608598,-0.008810243500577283
beetle-humanscale-eng,Beetle-HumanScale/beetle-monolingual-humanscale-eng@step-0,0,Phon,ses-5,1,14,72,-0.025570684272461258,-0.029952950039866207,-0.017054534206762645
beetle-humanscale-eng,Beetle-HumanScale/beetle-monolingual-humanscale-eng@step-0,0,Phon,ses-7,1,14,72,-0.025228805541024774,-0.031105393714212476,-0.01682913309384465
beetle-humanscale-eng,Beetle-HumanScale/beetle-monolingual-humanscale-eng@step-0,0,Phon,ses-9,1,14,72,-0.01463738240602166,-0.029132300334095564,-0.010098949863564952
beetle-humanscale-eng,Beetle-HumanScale/beetle-monolingual-humanscale-eng@step-0,0,Phon,ses-5,2,14,72,-0.004897671674432226,-0.015913815858701177,-0.003394491760303066
beetle-humanscale-eng,Beetle-HumanScale/beetle-monolingual-humanscale-eng@step-0,0,Phon,ses-7,2,14,72,-0.006188591863368258,-0.01652849565190493,-0.004118470334947279
beetle-humanscale-eng,Beetle-HumanScale/beetle-monolingual-humanscale-eng@step-0,0,Phon,ses-9,2,14,72,0.0050144465617239144,-0.01504277544126198,0.0031004903086708988
beetle-humanscale-eng,Beetle-HumanScale/beetle-monolingual-humanscale-eng@step-0,0,Phon,ses-5,3,14,72,-0.0038825366612253906,-0.012394463439611607,-0.0026386630283987025
beetle-humanscale-eng,Beetle-HumanScale/beetle-monolingual-humanscale-eng@step-0,0,Phon,ses-7,3,14,72,-0.003835203376089841,-0.013584214323620999,-0.00255168759895752
beetle-humanscale-eng,Beetle-HumanScale/beetle-monolingual-humanscale-eng@step-0,0,Phon,ses-9,3,14,72,0.004882449884374364,-0.013732207872430992,0.0032107408530329617
beetle-humanscale-eng,Beetle-HumanScale/beetle-monolingual-humanscale-eng@step-0,0,Phon,ses-5,4,14,72,-0.008711227368353102,-0.019013741647868565,-0.005726903276584928
beetle-humanscale-eng,Beetle-HumanScale/beetle-monolingual-humanscale-eng@step-0,0,Phon,ses-7,4,14,72,-0.013115738052855737,-0.018535730149685452,-0.008341066184014282
beetle-humanscale-eng,Beetle-HumanScale/beetle-monolingual-humanscale-eng@step-0,0,Phon,ses-9,4,14,72,0.0014400192825629432,-0.01963209849240526,0.0008820043548965022
beetle-humanscale-eng,Beetle-HumanScale/beetle-monolingual-humanscale-eng@step-0,0,Phon,ses-5,5,14,72,-0.00015064843643518053,-0.01121710722983902,-0.00022295110082106028
beetle-humanscale-eng,Beetle-HumanScale/beetle-monolingual-humanscale-eng@step-0,0,Phon,ses-7,5,14,72,-0.005788498516182679,-0.011981691396708388,-0.003643167988141941
beetle-humanscale-eng,Beetle-HumanScale/beetle-monolingual-humanscale-eng@step-0,0,Phon,ses-9,5,14,72,0.011009762940094427,-0.011155008035509817,0.007210385601278906
beetle-humanscale-eng,Beetle-HumanScale/beetle-monolingual-humanscale-eng@step-0,0,Phon,ses-5,6,14,72,-0.005821932989047947,-0.013008964158877239,-0.003943906973040679
beetle-humanscale-eng,Beetle-HumanScale/beetle-monolingual-humanscale-eng@step-0,0,Phon,ses-7,6,14,72,-0.015896043064342665,-0.015838690709279086,-0.010453589114596254
beetle-humanscale-eng,Beetle-HumanScale/beetle-monolingual-humanscale-eng@step-0,0,Phon,ses-9,6,14,72,0.003130802860568299,-0.013178485283177398,0.0019777722652505594
beetle-humanscale-eng,Beetle-HumanScale/beetle-monolingual-humanscale-eng@step-0,0,Phon,ses-5,7,14,72,-0.009417497730807443,-0.015976858188024648,-0.006501719602240536
beetle-humanscale-eng,Beetle-HumanScale/beetle-monolingual-humanscale-eng@step-0,0,Phon,ses-7,7,14,72,-0.01775538809742036,-0.018545316523962692,-0.01161244483644638
beetle-humanscale-eng,Beetle-HumanScale/beetle-monolingual-humanscale-eng@step-0,0,Phon,ses-9,7,14,72,-1.5066568329389964e-05,-0.01611136931737555,-0.00019906348287594667
beetle-humanscale-eng,Beetle-HumanScale/beetle-monolingual-humanscale-eng@step-0,0,Phon,ses-5,8,14,72,-0.017556107831111903,-0.025945432227176345,-0.012005671778004403
beetle-humanscale-eng,Beetle-HumanScale/beetle-monolingual-humanscale-eng@step-0,0,Phon,ses-7,8,14,72,-0.026767735558341953,-0.028339584900206,-0.017889375828793155
beetle-humanscale-eng,Beetle-HumanScale/beetle-monolingual-humanscale-eng@step-0,0,Phon,ses-9,8,14,72,-0.010894644469858888,-0.025979481699238496,-0.007508674574080709
beetle-humanscale-eng,Beetle-HumanScale/beetle-monolingual-humanscale-eng@step-0,0,Phon,ses-5,9,14,72,-0.021413844946737405,-0.02831281768388696,-0.014550009340671119
beetle-humanscale-eng,Beetle-HumanScale/beetle-monolingual-humanscale-eng@step-0,0,Phon,ses-7,9,14,72,-0.030859135990370733,-0.031142706420159646,-0.020460663524526152
beetle-humanscale-eng,Beetle-HumanScale/beetle-monolingual-humanscale-eng@step-0,0,Phon,ses-9,9,14,72,-0.014301361138977663,-0.028590508104561096,-0.009700210394788824
beetle-humanscale-eng,Beetle-HumanScale/beetle-monolingual-humanscale-eng@step-0,0,Phon,ses-5,10,14,72,-0.021778703680178906,-0.02516149137644067,-0.014535921771113744
beetle-humanscale-eng,Beetle-HumanScale/beetle-monolingual-humanscale-eng@step-0,0,Phon,ses-7,10,14,72,-0.03489102685500825,-0.028676463210385708,-0.02316853939466326
beetle-humanscale-eng,Beetle-HumanScale/beetle-monolingual-humanscale-eng@step-0,0,Phon,ses-9,10,14,72,-0.015517248869056102,-0.02618608665000118,-0.010370901206324704
beetle-humanscale-eng,Beetle-HumanScale/beetle-monolingual-humanscale-eng@step-0,0,Phon,ses-5,11,14,72,-0.028563658861575605,-0.031452344139758386,-0.01920809483996827
beetle-humanscale-eng,Beetle-HumanScale/beetle-monolingual-humanscale-eng@step-0,0,Phon,ses-7,11,14,72,-0.04063324917477104,-0.034531924332129524,-0.027186559233636217
beetle-humanscale-eng,Beetle-HumanScale/beetle-monolingual-humanscale-eng@step-0,0,Phon,ses-9,11,14,72,-0.020427083171980887,-0.031283147392229885,-0.013737217827513023
beetle-humanscale-eng,Beetle-HumanScale/beetle-monolingual-humanscale-eng@step-0,0,Phon,ses-5,12,14,72,-0.029935060079486243,-0.03065937899038276,-0.02000618628054476
beetle-humanscale-eng,Beetle-HumanScale/beetle-monolingual-humanscale-eng@step-0,0,Phon,ses-7,12,14,72,-0.03925509293719541,-0.03464200141874815,-0.02635784264184804
beetle-humanscale-eng,Beetle-HumanScale/beetle-monolingual-humanscale-eng@step-0,0,Phon,ses-9,12,14,72,-0.017614105423888783,-0.031078268218845295,-0.01161611985459178
beetle-humanscale-eng,Beetle-HumanScale/beetle-monolingual-humanscale-eng@step-0,0,Phon,ses-5,13,14,72,-0.02749175868737119,-0.031291775000275475,-0.018375703230034696
beetle-humanscale-eng,Beetle-HumanScale/beetle-monolingual-humanscale-eng@step-0,0,Phon,ses-7,13,14,72,-0.034770538144139045,-0.03582777365057212,-0.02345335330093192
beetle-humanscale-eng,Beetle-HumanScale/beetle-monolingual-humanscale-eng@step-0,0,Phon,ses-9,13,14,72,-0.015435694941745338,-0.03174369783180796,-0.01037151370934894
beetle-humanscale-eng,Beetle-HumanScale/beetle-monolingual-humanscale-eng@step-0,0,Gram,ses-5,0,14,60,-0.018465755124155575,-0.036851832998863715,-0.012209649551439895
beetle-humanscale-eng,Beetle-HumanScale/beetle-monolingual-humanscale-eng@step-0,0,Gram,ses-7,0,14,60,-0.02000646707026499,-0.03609364898210063,-0.013464148725859354
beetle-humanscale-eng,Beetle-HumanScale/beetle-monolingual-humanscale-eng@step-0,0,Gram,ses-9,0,14,60,-0.028186550842894252,-0.0376492667393582,-0.018653329628600536
beetle-humanscale-eng,Beetle-HumanScale/beetle-monolingual-humanscale-eng@step-0,0,Gram,ses-5,1,14,60,-0.023928481337648386,-0.03753209076744205,-0.015702318332359244
beetle-humanscale-eng,Beetle-HumanScale/beetle-monolingual-humanscale-eng@step-0,0,Gram,ses-7,1,14,60,-0.02473466376982805,-0.03639703580038315,-0.016463704796670853
beetle-humanscale-eng,Beetle-HumanScale/beetle-monolingual-humanscale-eng@step-0,0,Gram,ses-9,1,14,60,-0.02850818936904819,-0.038012630440028936,-0.018699319415035467
beetle-humanscale-eng,Beetle-HumanScale/beetle-monolingual-humanscale-eng@step-0,0,Gram,ses-5,2,14,60,-0.028037594746071575,-0.03876598820206667,-0.018733811754861666
beetle-humanscale-eng,Beetle-HumanScale/beetle-monolingual-humanscale-eng@step-0,0,Gram,ses-7,2,14,60,-0.02799478174330343,-0.037657334338112206,-0.01876447161248495
beetle-humanscale-eng,Beetle-HumanScale/beetle-monolingual-humanscale-eng@step-0,0,Gram,ses-9,2,14,60,-0.03214112281481904,-0.03912135145152175,-0.02140632934435811
beetle-humanscale-eng,Beetle-HumanScale/beetle-monolingual-humanscale-eng@step-0,0,Gram,ses-5,3,14,60,-0.026094993697855232,-0.0378425270439075,-0.017357950644016698
beetle-humanscale-eng,Beetle-HumanScale/beetle-monolingual-humanscale-eng@step-0,0,Gram,ses-7,3,14,60,-0.027368723810639005,-0.03676373236157589,-0.018088677250705017
beetle-humanscale-eng,Beetle-HumanScale/beetle-monolingual-humanscale-eng@step-0,0,Gram,ses-9,3,14,60,-0.031050228720579436,-0.038015931913517,-0.02065388533851996
beetle-humanscale-eng,Beetle-HumanScale/beetle-monolingual-humanscale-eng@step-0,0,Gram,ses-5,4,14,60,-0.029898871863635528,-0.03835685967697573,-0.01972386965728028
beetle-humanscale-eng,Beetle-HumanScale/beetle-monolingual-humanscale-eng@step-0,0,Gram,ses-7,4,14,60,-0.027834942781998294,-0.037526940346480006,-0.01848214542353719
beetle-humanscale-eng,Beetle-HumanScale/beetle-monolingual-humanscale-eng@step-0,0,Gram,ses-9,4,14,60,-0.03375509554720589,-0.038434268542935836,-0.022375947341694534
beetle-humanscale-eng,Beetle-HumanScale/beetle-monolingual-humanscale-eng@step-0,0,Gram,ses-5,5,14,60,-0.029777429137071355,-0.0365038083532152,-0.019697042281859905
beetle-humanscale-eng,Beetle-HumanScale/beetle-monolingual-humanscale-eng@step-0,0,Gram,ses-7,5,14,60,-0.03148479022037103,-0.03518988325417678,-0.020563183259717736
beetle-humanscale-eng,Beetle-HumanScale/beetle-monolingual-humanscale-eng@step-0,0,Gram,ses-9,5,14,60,-0.036121111220099665,-0.03615833171494387,-0.023874447883032644
beetle-humanscale-eng,Beetle-HumanScale/beetle-monolingual-humanscale-eng@step-0,0,Gram,ses-5,6,14,60,-0.030918853135002637,-0.03569636710107462,-0.02055040831904137
beetle-humanscale-eng,Beetle-HumanScale/beetle-monolingual-humanscale-eng@step-0,0,Gram,ses-7,6,14,60,-0.03457253738362143,-0.03433793093603414,-0.022507529230661134
beetle-humanscale-eng,Beetle-HumanScale/beetle-monolingual-humanscale-eng@step-0,0,Gram,ses-9,6,14,60,-0.037554243161831154,-0.035282121687266146,-0.02486833826765417
beetle-humanscale-eng,Beetle-HumanScale/beetle-monolingual-humanscale-eng@step-0,0,Gram,ses-5,7,14,60,-0.03158438714917214,-0.03472198105254065,-0.020693487654616705
beetle-humanscale-eng,Beetle-HumanScale/beetle-monolingual-humanscale-eng@step-0,0,Gram,ses-7,7,14,60,-0.033320321973300294,-0.03319571228689827,-0.021577513549421456
beetle-humanscale-eng,Beetle-HumanScale/beetle-monolingual-humanscale-eng@step-0,0,Gram,ses-9,7,14,60,-0.03549510738797452,-0.034390871577363105,-0.02351419455595903
beetle-humanscale-eng,Beetle-HumanScale/beetle-monolingual-humanscale-eng@step-0,0,Gram,ses-5,8,14,60,-0.03156152426127053,-0.034184431127514174,-0.020577235694461744
beetle-humanscale-eng,Beetle-HumanScale/beetle-monolingual-humanscale-eng@step-0,0,Gram,ses-7,8,14,60,-0.03576389401529069,-0.032363552936688036,-0.023305963022934213
beetle-humanscale-eng,Beetle-HumanScale/beetle-monolingual-humanscale-eng@step-0,0,Gram,ses-9,8,14,60,-0.04106778320946591,-0.03394871728871563,-0.027478258647836405
beetle-humanscale-eng,Beetle-HumanScale/beetle-monolingual-humanscale-eng@step-0,0,Gram,ses-5,9,14,60,-0.030475332585905533,-0.03497569681371333,-0.019796686819135583
beetle-humanscale-eng,Beetle-HumanScale/beetle-monolingual-humanscale-eng@step-0,0,Gram,ses-7,9,14,60,-0.03409607826218638,-0.03311739738090433,-0.022172825784940262
beetle-humanscale-eng,Beetle-HumanScale/beetle-monolingual-humanscale-eng@step-0,0,Gram,ses-9,9,14,60,-0.03840232321565426,-0.03467082469113073,-0.025415105728602772
beetle-humanscale-eng,Beetle-HumanScale/beetle-monolingual-humanscale-eng@step-0,0,Gram,ses-5,10,14,60,-0.024660437829929775,-0.034709321974194435,-0.016195431042467096
beetle-humanscale-eng,Beetle-HumanScale/beetle-monolingual-humanscale-eng@step-0,0,Gram,ses-7,10,14,60,-0.02918117410948795,-0.03264404308960518,-0.01898803307432141
beetle-humanscale-eng,Beetle-HumanScale/beetle-monolingual-humanscale-eng@step-0,0,Gram,ses-9,10,14,60,-0.03335164402152443,-0.034291290485816084,-0.02218943320781954
beetle-humanscale-eng,Beetle-HumanScale/beetle-monolingual-humanscale-eng@step-0,0,Gram,ses-5,11,14,60,-0.022773943368994555,-0.03493213759491288,-0.01497286921973856
beetle-humanscale-eng,Beetle-HumanScale/beetle-monolingual-humanscale-eng@step-0,0,Gram,ses-7,11,14,60,-0.02880325587432718,-0.03267774892577299,-0.01869548693283256
beetle-humanscale-eng,Beetle-HumanScale/beetle-monolingual-humanscale-eng@step-0,0,Gram,ses-9,11,14,60,-0.035041420265535084,-0.03451495582070516,-0.023580624247476152
beetle-humanscale-eng,Beetle-HumanScale/beetle-monolingual-humanscale-eng@step-0,0,Gram,ses-5,12,14,60,-0.024725479662279115,-0.03540012220455366,-0.016333400401771885
beetle-humanscale-eng,Beetle-HumanScale/beetle-monolingual-humanscale-eng@step-0,0,Gram,ses-7,12,14,60,-0.030772305594188903,-0.03338092680878914,-0.019879723933531986
beetle-humanscale-eng,Beetle-HumanScale/beetle-monolingual-humanscale-eng@step-0,0,Gram,ses-9,12,14,60,-0.038630969406842935,-0.03521670400520931,-0.02585584118193751
beetle-humanscale-eng,Beetle-HumanScale/beetle-monolingual-humanscale-eng@step-0,0,Gram,ses-5,13,14,60,-0.022769234458055235,-0.03565141903867367,-0.015385499803585289
beetle-humanscale-eng,Beetle-HumanScale/beetle-monolingual-humanscale-eng@step-0,0,Gram,ses-7,13,14,60,-0.028779116213698455,-0.03348849686404256,-0.018885833548910456
beetle-humanscale-eng,Beetle-HumanScale/beetle-monolingual-humanscale-eng@step-0,0,Gram,ses-9,13,14,60,-0.038233745935243896,-0.035628287628557416,-0.025710206858226906
beetle-humanscale-eng,Beetle-HumanScale/beetle-monolingual-humanscale-eng@step-0,0,Plaus,ses-5,0,14,60,-0.01470425715682915,-0.00919507915738218,-0.009823290633094122
beetle-humanscale-eng,Beetle-HumanScale/beetle-monolingual-humanscale-eng@step-0,0,Plaus,ses-7,0,14,60,-0.04115502357509446,-0.010804938364002504,-0.027714595050349237
beetle-humanscale-eng,Beetle-HumanScale/beetle-monolingual-humanscale-eng@step-0,0,Plaus,ses-9,0,14,60,-0.028874125416768245,-0.012186033735996908,-0.019355951365800848
beetle-humanscale-eng,Beetle-HumanScale/beetle-monolingual-humanscale-eng@step-0,0,Plaus,ses-5,1,14,60,-0.007376947200811319,-0.00416980606928577,-0.005022467926914565
beetle-humanscale-eng,Beetle-HumanScale/beetle-monolingual-humanscale-eng@step-0,0,Plaus,ses-7,1,14,60,-0.028752544192823498,-0.005278525538751334,-0.01942876852765615
beetle-humanscale-eng,Beetle-HumanScale/beetle-monolingual-humanscale-eng@step-0,0,Plaus,ses-9,1,14,60,-0.017214680153202558,-0.007033170759536109,-0.011504472826104313
beetle-humanscale-eng,Beetle-HumanScale/beetle-monolingual-humanscale-eng@step-0,0,Plaus,ses-5,2,14,60,-0.005319200728803514,-0.0025154470308594336,-0.0035699571720113825
beetle-humanscale-eng,Beetle-HumanScale/beetle-monolingual-humanscale-eng@step-0,0,Plaus,ses-7,2,14,60,-0.02401161006229131,-0.003111900469359689,-0.015983367027239365
beetle-humanscale-eng,Beetle-HumanScale/beetle-monolingual-humanscale-eng@step-0,0,Plaus,ses-9,2,14,60,-0.013812158740222635,-0.005053840294056432,-0.009012081900144676
beetle-humanscale-eng,Beetle-HumanScale/beetle-monolingual-humanscale-eng@step-0,0,Plaus,ses-5,3,14,60,-0.0006472707541178586,0.00016139321556362524,-0.0006674906503402925
beetle-humanscale-eng,Beetle-HumanScale/beetle-monolingual-humanscale-eng@step-0,0,Plaus,ses-7,3,14,60,-0.02110888890741532,-0.0006389345710788134,-0.014212760249494591
beetle-humanscale-eng,Beetle-HumanScale/beetle-monolingual-humanscale-eng@step-0,0,Plaus,ses-9,3,14,60,-0.012166608605066234,-0.002366140013790881,-0.008089731183310817
beetle-humanscale-eng,Beetle-HumanScale/beetle-monolingual-humanscale-eng@step-0,0,Plaus,ses-5,4,14,60,-0.00047112156222924544,0.00027053704246551846,-0.00020120531565281542
beetle-humanscale-eng,Beetle-HumanScale/beetle-monolingual-humanscale-eng@step-0,0,Plaus,ses-7,4,14,60,-0.019386377509094426,-0.0001369282836181443,-0.012589065289528061
beetle-humanscale-eng,Beetle-HumanScale/beetle-monolingual-humanscale-eng@step-0,0,Plaus,ses-9,4,14,60,-0.013679032461194592,-0.0018822375974199765,-0.008729755711196916
beetle-humanscale-eng,Beetle-HumanScale/beetle-monolingual-humanscale-eng@step-0,0,Plaus,ses-5,5,14,60,-0.0011518145475062544,0.0017572794908810897,-0.0003992168961365386
beetle-humanscale-eng,Beetle-HumanScale/beetle-monolingual-humanscale-eng@step-0,0,Plaus,ses-7,5,14,60,-0.022773348263062425,0.0012731630134389313,-0.014889832105342162
beetle-humanscale-eng,Beetle-HumanScale/beetle-monolingual-humanscale-eng@step-0,0,Plaus,ses-9,5,14,60,-0.01548783205565262,-0.0004138211301615881,-0.010238476205076123
beetle-humanscale-eng,Beetle-HumanScale/beetle-monolingual-humanscale-eng@step-0,0,Plaus,ses-5,6,14,60,0.0010044684827326849,0.003128393679389642,0.001025188989278631
beetle-humanscale-eng,Beetle-HumanScale/beetle-monolingual-humanscale-eng@step-0,0,Plaus,ses-7,6,14,60,-0.021368686189123985,0.002725394204974571,-0.01406329344358107
beetle-humanscale-eng,Beetle-HumanScale/beetle-monolingual-humanscale-eng@step-0,0,Plaus,ses-9,6,14,60,-0.015234814653527082,0.0007483649467313787,-0.010022579707645482
beetle-humanscale-eng,Beetle-HumanScale/beetle-monolingual-humanscale-eng@step-0,0,Plaus,ses-5,7,14,60,-0.00010618529247517062,0.0024114192427588943,1.3413687710187696e-05
beetle-humanscale-eng,Beetle-HumanScale/beetle-monolingual-humanscale-eng@step-0,0,Plaus,ses-7,7,14,60,-0.022823650944489113,0.0019325893664081523,-0.015138943448531363
beetle-humanscale-eng,Beetle-HumanScale/beetle-monolingual-humanscale-eng@step-0,0,Plaus,ses-9,7,14,60,-0.016094578259814064,9.20472470033705e-05,-0.010778856195686541
beetle-humanscale-eng,Beetle-HumanScale/beetle-monolingual-humanscale-eng@step-0,0,Plaus,ses-5,8,14,60,-0.001545103827888526,0.0030557408850689083,-0.000910214523191308
beetle-humanscale-eng,Beetle-HumanScale/beetle-monolingual-humanscale-eng@step-0,0,Plaus,ses-7,8,14,60,-0.019873643754256938,0.002953418794069719,-0.013397719034342235
beetle-humanscale-eng,Beetle-HumanScale/beetle-monolingual-humanscale-eng@step-0,0,Plaus,ses-9,8,14,60,-0.012780885604296074,0.0010020832325323761,-0.008567513964607027
beetle-humanscale-eng,Beetle-HumanScale/beetle-monolingual-humanscale-eng@step-0,0,Plaus,ses-5,9,14,60,0.0021962990351260788,0.003416484838627949,0.0012819652968736528
beetle-humanscale-eng,Beetle-HumanScale/beetle-monolingual-humanscale-eng@step-0,0,Plaus,ses-7,9,14,60,-0.016004749724386157,0.00343417725017103,-0.01082484598212147
beetle-humanscale-eng,Beetle-HumanScale/beetle-monolingual-humanscale-eng@step-0,0,Plaus,ses-9,9,14,60,-0.009577175017100235,0.0014433043724363902,-0.006239919773372553
beetle-humanscale-eng,Beetle-HumanScale/beetle-monolingual-humanscale-eng@step-0,0,Plaus,ses-5,10,14,60,-0.004560637591302032,0.00257865625814431,-0.0029976398297100405
beetle-humanscale-eng,Beetle-HumanScale/beetle-monolingual-humanscale-eng@step-0,0,Plaus,ses-7,10,14,60,-0.022674651567235006,0.0024807925571493084,-0.015413604673073301
beetle-humanscale-eng,Beetle-HumanScale/beetle-monolingual-humanscale-eng@step-0,0,Plaus,ses-9,10,14,60,-0.01849447169040776,0.0005570533277281693,-0.012244141891266094
beetle-humanscale-eng,Beetle-HumanScale/beetle-monolingual-humanscale-eng@step-0,0,Plaus,ses-5,11,14,60,-0.006959968376287169,0.002910007643182593,-0.0044386531380044905
beetle-humanscale-eng,Beetle-HumanScale/beetle-monolingual-humanscale-eng@step-0,0,Plaus,ses-7,11,14,60,-0.02793888290209316,0.0024327523557488955,-0.018752974165876218
beetle-humanscale-eng,Beetle-HumanScale/beetle-monolingual-humanscale-eng@step-0,0,Plaus,ses-9,11,14,60,-0.023303070447433807,0.0007139804594399266,-0.015021413994308763
beetle-humanscale-eng,Beetle-HumanScale/beetle-monolingual-humanscale-eng@step-0,0,Plaus,ses-5,12,14,60,-0.002366373818463834,0.004188387600136628,-0.001474866901086828
beetle-humanscale-eng,Beetle-HumanScale/beetle-monolingual-humanscale-eng@step-0,0,Plaus,ses-7,12,14,60,-0.019318204337531297,0.003995498555101874,-0.01312944528013848
beetle-humanscale-eng,Beetle-HumanScale/beetle-monolingual-humanscale-eng@step-0,0,Plaus,ses-9,12,14,60,-0.015498799316976366,0.0021751692764969306,-0.010174601501694277
beetle-humanscale-eng,Beetle-HumanScale/beetle-monolingual-humanscale-eng@step-0,0,Plaus,ses-5,13,14,60,-0.007794780813856162,0.00269600609849625,-0.005102950053175691
beetle-humanscale-eng,Beetle-HumanScale/beetle-monolingual-humanscale-eng@step-0,0,Plaus,ses-7,13,14,60,-0.029795580950012075,0.002032475811309189,-0.019953818589454924
beetle-humanscale-eng,Beetle-HumanScale/beetle-monolingual-humanscale-eng@step-0,0,Plaus,ses-9,13,14,60,-0.024335665800540477,0.0005624091632783507,-0.015693375873885786
beetle-humanscale-eng,Beetle-HumanScale/beetle-monolingual-humanscale-eng@step-2048,2048,Sem,ses-5,0,14,72,0.0072514245016010856,0.011903017017693075,0.004896349175724055
beetle-humanscale-eng,Beetle-HumanScale/beetle-monolingual-humanscale-eng@step-2048,2048,Sem,ses-7,0,14,72,-0.006328888591476392,0.010656687115506713,-0.0039040942764654897
beetle-humanscale-eng,Beetle-HumanScale/beetle-monolingual-humanscale-eng@step-2048,2048,Sem,ses-9,0,14,72,-0.007434863528176019,0.011385191801221788,-0.004476784604123983
beetle-humanscale-eng,Beetle-HumanScale/beetle-monolingual-humanscale-eng@step-2048,2048,Sem,ses-5,1,14,72,0.020998828036425984,0.011253479445539788,0.014025706751927087
beetle-humanscale-eng,Beetle-HumanScale/beetle-monolingual-humanscale-eng@step-2048,2048,Sem,ses-7,1,14,72,-0.0061382935557712445,0.009990431530309296,-0.004286908666611541
beetle-humanscale-eng,Beetle-HumanScale/beetle-monolingual-humanscale-eng@step-2048,2048,Sem,ses-9,1,14,72,-0.014739000897594797,0.009635231451744625,-0.009926224010731052
beetle-humanscale-eng,Beetle-HumanScale/beetle-monolingual-humanscale-eng@step-2048,2048,Sem,ses-5,2,14,72,0.008007835794066626,0.006948843244528808,0.00530305118381522
beetle-humanscale-eng,Beetle-HumanScale/beetle-monolingual-humanscale-eng@step-2048,2048,Sem,ses-7,2,14,72,-0.006277644581126279,0.006466587576507652,-0.004340196429719872
beetle-humanscale-eng,Beetle-HumanScale/beetle-monolingual-humanscale-eng@step-2048,2048,Sem,ses-9,2,14,72,-0.016811662265501872,0.006662590587519613,-0.011088142247702347
beetle-humanscale-eng,Beetle-HumanScale/beetle-monolingual-humanscale-eng@step-2048,2048,Sem,ses-5,3,14,72,0.024155711021854067,0.019436565269109893,0.01632871812304573
beetle-humanscale-eng,Beetle-HumanScale/beetle-monolingual-humanscale-eng@step-2048,2048,Sem,ses-7,3,14,72,0.0008263631141921234,0.018052771140865786,0.0007025409687960334
beetle-humanscale-eng,Beetle-HumanScale/beetle-monolingual-humanscale-eng@step-2048,2048,Sem,ses-9,3,14,72,-0.005600823948553971,0.01877079272330922,-0.003665218097014354
beetle-humanscale-eng,Beetle-HumanScale/beetle-monolingual-humanscale-eng@step-2048,2048,Sem,ses-5,4,14,72,0.02148365376326044,0.017125730108890833,0.014432408760018252
beetle-humanscale-eng,Beetle-HumanScale/beetle-monolingual-humanscale-eng@step-2048,2048,Sem,ses-7,4,14,72,0.005604946666406957,0.016112926454664014,0.003771181120206781
beetle-humanscale-eng,Beetle-HumanScale/beetle-monolingual-humanscale-eng@step-2048,2048,Sem,ses-9,4,14,72,0.005065296768799941,0.01836503471931352,0.0034128668510300768
beetle-humanscale-eng,Beetle-HumanScale/beetle-monolingual-humanscale-eng@step-2048,2048,Sem,ses-5,5,14,72,0.022316574276861397,0.0062316672846679765,0.015078599450584785
beetle-humanscale-eng,Beetle-HumanScale/beetle-monolingual-humanscale-eng@step-2048,2048,Sem,ses-7,5,14,72,-0.006592177699444462,0.004689714568468947,-0.004471272076905879
beetle-humanscale-eng,Beetle-HumanScale/beetle-monolingual-humanscale-eng@step-2048,2048,Sem,ses-9,5,14,72,-0.00166899432787107,0.007116282712244508,-0.0010871928680147858
beetle-humanscale-eng,Beetle-HumanScale/beetle-monolingual-humanscale-eng@step-2048,2048,Sem,ses-5,6,14,72,0.020703004885341606,0.008064692354208598,0.01407960701805965
beetle-humanscale-eng,Beetle-HumanScale/beetle-monolingual-humanscale-eng@step-2048,2048,Sem,ses-7,6,14,72,-0.003611213391570657,0.006890483793342372,-0.002453074612055897
beetle-humanscale-eng,Beetle-HumanScale/beetle-monolingual-humanscale-eng@step-2048,2048,Sem,ses-9,6,14,72,-0.003077398681163614,0.008868102306479246,-0.0019661347077901195
beetle-humanscale-eng,Beetle-HumanScale/beetle-monolingual-humanscale-eng@step-2048,2048,Sem,ses-5,7,14,72,0.01991310594219641,0.007073356124152811,0.01337890355833632
beetle-humanscale-eng,Beetle-HumanScale/beetle-monolingual-humanscale-eng@step-2048,2048,Sem,ses-7,7,14,72,-0.00479925247515149,0.0059488642874561196,-0.003162353114118501
beetle-humanscale-eng,Beetle-HumanScale/beetle-monolingual-humanscale-eng@step-2048,2048,Sem,ses-9,7,14,72,-0.0056048733672574005,0.007978995080227196,-0.0036578680607235493
beetle-humanscale-eng,Beetle-HumanScale/beetle-monolingual-humanscale-eng@step-2048,2048,Sem,ses-5,8,14,72,0.02790079668665998,0.009621566723478935,0.018956356097008225
beetle-humanscale-eng,Beetle-HumanScale/beetle-monolingual-humanscale-eng@step-2048,2048,Sem,ses-7,8,14,72,0.005375576380586517,0.00833128281187278,0.003614380346002958
beetle-humanscale-eng,Beetle-HumanScale/beetle-monolingual-humanscale-eng@step-2048,2048,Sem,ses-9,8,14,72,0.007321461120383034,0.010845262948620557,0.004786098631361992
beetle-humanscale-eng,Beetle-HumanScale/beetle-monolingual-humanscale-eng@step-2048,2048,Sem,ses-5,9,14,72,0.02592236568722223,0.010318881974676446,0.017730125042492398
beetle-humanscale-eng,Beetle-HumanScale/beetle-monolingual-humanscale-eng@step-2048,2048,Sem,ses-7,9,14,72,0.013763118297594483,0.009367310285488217,0.009184482848384063
beetle-humanscale-eng,Beetle-HumanScale/beetle-monolingual-humanscale-eng@step-2048,2048,Sem,ses-9,9,14,72,0.00829065122058121,0.010182997140993306,0.005447601897534368
beetle-humanscale-eng,Beetle-HumanScale/beetle-monolingual-humanscale-eng@step-2048,2048,Sem,ses-5,10,14,72,0.03207433312748129,0.007471050557168766,0.021840632838124638
beetle-humanscale-eng,Beetle-HumanScale/beetle-monolingual-humanscale-eng@step-2048,2048,Sem,ses-7,10,14,72,0.00103555960564497,0.005341555977650368,0.0005941279335066716
beetle-humanscale-eng,Beetle-HumanScale/beetle-monolingual-humanscale-eng@step-2048,2048,Sem,ses-9,10,14,72,-0.002126910643388998,0.005681091231381243,-0.0015453451301415799
beetle-humanscale-eng,Beetle-HumanScale/beetle-monolingual-humanscale-eng@step-2048,2048,Sem,ses-5,11,14,72,0.037722374663493576,0.015085883637097858,0.025465425735539567
beetle-humanscale-eng,Beetle-HumanScale/beetle-monolingual-humanscale-eng@step-2048,2048,Sem,ses-7,11,14,72,0.008876136082472551,0.013481603992632023,0.00559092760520505
beetle-humanscale-eng,Beetle-HumanScale/beetle-monolingual-humanscale-eng@step-2048,2048,Sem,ses-9,11,14,72,0.006139933444587789,0.013790959028338007,0.0038753066343265065
beetle-humanscale-eng,Beetle-HumanScale/beetle-monolingual-humanscale-eng@step-2048,2048,Sem,ses-5,12,14,72,0.03859211290874521,0.0232341682495033,0.025794952362577287
beetle-humanscale-eng,Beetle-HumanScale/beetle-monolingual-humanscale-eng@step-2048,2048,Sem,ses-7,12,14,72,0.019086387111543205,0.02248221867087447,0.012612662275019983
beetle-humanscale-eng,Beetle-HumanScale/beetle-monolingual-humanscale-eng@step-2048,2048,Sem,ses-9,12,14,72,0.014294213753276809,0.022029257918187932,0.009559334699215076
beetle-humanscale-eng,Beetle-HumanScale/beetle-monolingual-humanscale-eng@step-2048,2048,Sem,ses-5,13,14,72,0.03324082801004547,0.025282691982952733,0.022525411219217896
beetle-humanscale-eng,Beetle-HumanScale/beetle-monolingual-humanscale-eng@step-2048,2048,Sem,ses-7,13,14,72,0.02417406958434147,0.02506107236360803,0.016032879162340863
beetle-humanscale-eng,Beetle-HumanScale/beetle-monolingual-humanscale-eng@step-2048,2048,Sem,ses-9,13,14,72,0.017668737723358093,0.024183318021179095,0.012150222491723551
beetle-humanscale-eng,Beetle-HumanScale/beetle-monolingual-humanscale-eng@step-2048,2048,Phon,ses-5,0,14,72,-0.024817146737829796,-0.03139577198190894,-0.016421206079705018
beetle-humanscale-eng,Beetle-HumanScale/beetle-monolingual-humanscale-eng@step-2048,2048,Phon,ses-7,0,14,72,-0.0264872671418514,-0.032404983517750716,-0.01746981125719308
beetle-humanscale-eng,Beetle-HumanScale/beetle-monolingual-humanscale-eng@step-2048,2048,Phon,ses-9,0,14,72,-0.013247425723986569,-0.029241141198209912,-0.0089560192203449
beetle-humanscale-eng,Beetle-HumanScale/beetle-monolingual-humanscale-eng@step-2048,2048,Phon,ses-5,1,14,72,-0.021556276692231147,-0.02651148791146064,-0.0141678074535493
beetle-humanscale-eng,Beetle-HumanScale/beetle-monolingual-humanscale-eng@step-2048,2048,Phon,ses-7,1,14,72,-0.017526756552048387,-0.027257009925492126,-0.01151444435256899
beetle-humanscale-eng,Beetle-HumanScale/beetle-monolingual-humanscale-eng@step-2048,2048,Phon,ses-9,1,14,72,-0.010485784688110197,-0.02642434978933815,-0.007168122892606782
beetle-humanscale-eng,Beetle-HumanScale/beetle-monolingual-humanscale-eng@step-2048,2048,Phon,ses-5,2,14,72,-0.004216261221583289,-0.014107871127174095,-0.0028003638267963945
beetle-humanscale-eng,Beetle-HumanScale/beetle-monolingual-humanscale-eng@step-2048,2048,Phon,ses-7,2,14,72,-0.0011629880212912901,-0.014645272118104784,-0.0006039279818944105
beetle-humanscale-eng,Beetle-HumanScale/beetle-monolingual-humanscale-eng@step-2048,2048,Phon,ses-9,2,14,72,0.006941183695246627,-0.013510683137671672,0.00440144673214324
beetle-humanscale-eng,Beetle-HumanScale/beetle-monolingual-humanscale-eng@step-2048,2048,Phon,ses-5,3,14,72,-0.00715555999326812,-0.010300562392690319,-0.004501897228117564
beetle-humanscale-eng,Beetle-HumanScale/beetle-monolingual-humanscale-eng@step-2048,2048,Phon,ses-7,3,14,72,0.00141558695132995,-0.011438759704778194,0.0011564057097531919
beetle-humanscale-eng,Beetle-HumanScale/beetle-monolingual-humanscale-eng@step-2048,2048,Phon,ses-9,3,14,72,0.005001949056724563,-0.011293117998177886,0.0034251169115147506
beetle-humanscale-eng,Beetle-HumanScale/beetle-monolingual-humanscale-eng@step-2048,2048,Phon,ses-5,4,14,72,-0.016521954563071654,-0.01591761729860354,-0.010602427349485037
beetle-humanscale-eng,Beetle-HumanScale/beetle-monolingual-humanscale-eng@step-2048,2048,Phon,ses-7,4,14,72,-0.004996633431143502,-0.01505620199247278,-0.002935114492127805
beetle-humanscale-eng,Beetle-HumanScale/beetle-monolingual-humanscale-eng@step-2048,2048,Phon,ses-9,4,14,72,-0.0019093501440764847,-0.015552827700309007,-0.0010878053710390195
beetle-humanscale-eng,Beetle-HumanScale/beetle-monolingual-humanscale-eng@step-2048,2048,Phon,ses-5,5,14,72,-0.01632547116235215,-0.011775461148898943,-0.010620802440212048
beetle-humanscale-eng,Beetle-HumanScale/beetle-monolingual-humanscale-eng@step-2048,2048,Phon,ses-7,5,14,72,-0.0029279826765077387,-0.012236923025339078,-0.0017395085888236572
beetle-humanscale-eng,Beetle-HumanScale/beetle-monolingual-humanscale-eng@step-2048,2048,Phon,ses-9,5,14,72,0.0010954119543532708,-0.010332516431147912,0.0008317791069093404
beetle-humanscale-eng,Beetle-HumanScale/beetle-monolingual-humanscale-eng@step-2048,2048,Phon,ses-5,6,14,72,-0.027342924045577973,-0.01403894889835364,-0.017780350290479557
beetle-humanscale-eng,Beetle-HumanScale/beetle-monolingual-humanscale-eng@step-2048,2048,Phon,ses-7,6,14,72,-0.007375998562129389,-0.01606816022645306,-0.004299158727096215
beetle-humanscale-eng,Beetle-HumanScale/beetle-monolingual-humanscale-eng@step-2048,2048,Phon,ses-9,6,14,72,-0.007203232466625146,-0.01303088376811579,-0.004487809658560189
beetle-humanscale-eng,Beetle-HumanScale/beetle-monolingual-humanscale-eng@step-2048,2048,Phon,ses-5,7,14,72,-0.030228590116980085,-0.012059574686598384,-0.019832235421662393
beetle-humanscale-eng,Beetle-HumanScale/beetle-monolingual-humanscale-eng@step-2048,2048,Phon,ses-7,7,14,72,-0.0017532660726683243,-0.013924003480066265,-0.0007723663135586731
beetle-humanscale-eng,Beetle-HumanScale/beetle-monolingual-humanscale-eng@step-2048,2048,Phon,ses-9,7,14,72,-0.01109398869326843,-0.01195802882648031,-0.0070982975478441415
beetle-humanscale-eng,Beetle-HumanScale/beetle-monolingual-humanscale-eng@step-2048,2048,Phon,ses-5,8,14,72,-0.04712727068953024,-0.02189510241890394,-0.03134729227725562
beetle-humanscale-eng,Beetle-HumanScale/beetle-monolingual-humanscale-eng@step-2048,2048,Phon,ses-7,8,14,72,-0.016612543688493905,-0.023830735635082787,-0.010928891461401588
beetle-humanscale-eng,Beetle-HumanScale/beetle-monolingual-humanscale-eng@step-2048,2048,Phon,ses-9,8,14,72,-0.034010605618018344,-0.02135595137414964,-0.02253949878877527
beetle-humanscale-eng,Beetle-HumanScale/beetle-monolingual-humanscale-eng@step-2048,2048,Phon,ses-5,9,14,72,-0.05662090611539152,-0.017580826108581665,-0.0376971111294862
beetle-humanscale-eng,Beetle-HumanScale/beetle-monolingual-humanscale-eng@step-2048,2048,Phon,ses-7,9,14,72,-0.018113914359235487,-0.02039264495994068,-0.011839683458437077
beetle-humanscale-eng,Beetle-HumanScale/beetle-monolingual-humanscale-eng@step-2048,2048,Phon,ses-9,9,14,72,-0.04430409070588665,-0.018828726041109474,-0.029278869564418473
beetle-humanscale-eng,Beetle-HumanScale/beetle-monolingual-humanscale-eng@step-2048,2048,Phon,ses-5,10,14,72,-0.057027563329557954,-0.012974077776469257,-0.03815526339161299
beetle-humanscale-eng,Beetle-HumanScale/beetle-monolingual-humanscale-eng@step-2048,2048,Phon,ses-7,10,14,72,-0.012750408623895025,-0.015426611812800136,-0.008320241081190338
beetle-humanscale-eng,Beetle-HumanScale/beetle-monolingual-humanscale-eng@step-2048,2048,Phon,ses-9,10,14,72,-0.04789948657215452,-0.014890823597026719,-0.031864857332733074
beetle-humanscale-eng,Beetle-HumanScale/beetle-monolingual-humanscale-eng@step-2048,2048,Phon,ses-5,11,14,72,-0.06043569639694905,-0.01377475151976996,-0.040569137810117936
beetle-humanscale-eng,Beetle-HumanScale/beetle-monolingual-humanscale-eng@step-2048,2048,Phon,ses-7,11,14,72,-0.020622262279009755,-0.016238612021080377,-0.013130227330497443
beetle-humanscale-eng,Beetle-HumanScale/beetle-monolingual-humanscale-eng@step-2048,2048,Phon,ses-9,11,14,72,-0.05332159857066083,-0.016119286965907087,-0.035399612285585656
beetle-humanscale-eng,Beetle-HumanScale/beetle-monolingual-humanscale-eng@step-2048,2048,Phon,ses-5,12,14,72,-0.062390334636164634,-0.00970851159076037,-0.0416722557567628
beetle-humanscale-eng,Beetle-HumanScale/beetle-monolingual-humanscale-eng@step-2048,2048,Phon,ses-7,12,14,72,-0.03366653509828631,-0.012332278243811286,-0.02158338156794649
beetle-humanscale-eng,Beetle-HumanScale/beetle-monolingual-humanscale-eng@step-2048,2048,Phon,ses-9,12,14,72,-0.06133660690209728,-0.013046748116386193,-0.04073880114783066
beetle-humanscale-eng,Beetle-HumanScale/beetle-monolingual-humanscale-eng@step-2048,2048,Phon,ses-5,13,14,72,-0.05972870885261963,-0.0042515566620769316,-0.03966814586147019
beetle-humanscale-eng,Beetle-HumanScale/beetle-monolingual-humanscale-eng@step-2048,2048,Phon,ses-7,13,14,72,-0.03365811791261226,-0.006581587789255701,-0.02157725653770415
beetle-humanscale-eng,Beetle-HumanScale/beetle-monolingual-humanscale-eng@step-2048,2048,Phon,ses-9,13,14,72,-0.0645930761242461,-0.008887060634208058,-0.04257753522658018
beetle-humanscale-eng,Beetle-HumanScale/beetle-monolingual-humanscale-eng@step-2048,2048,Gram,ses-5,0,14,60,-0.017950200789012005,-0.036225306978298025,-0.012047407804850007
beetle-humanscale-eng,Beetle-HumanScale/beetle-monolingual-humanscale-eng@step-2048,2048,Gram,ses-7,0,14,60,-0.020727051629188777,-0.035784871596291845,-0.013961093918170117
beetle-humanscale-eng,Beetle-HumanScale/beetle-monolingual-humanscale-eng@step-2048,2048,Gram,ses-9,0,14,60,-0.029120826039926925,-0.037247720971556694,-0.019418548575115054
beetle-humanscale-eng,Beetle-HumanScale/beetle-monolingual-humanscale-eng@step-2048,2048,Gram,ses-5,1,14,60,-0.024560468689418392,-0.037163716053853574,-0.01649691964242941
beetle-humanscale-eng,Beetle-HumanScale/beetle-monolingual-humanscale-eng@step-2048,2048,Gram,ses-7,1,14,60,-0.02593153000041804,-0.036874765994227635,-0.01753935480162114
beetle-humanscale-eng,Beetle-HumanScale/beetle-monolingual-humanscale-eng@step-2048,2048,Gram,ses-9,1,14,60,-0.028065134084588935,-0.03786782245570166,-0.018952263240427578
beetle-humanscale-eng,Beetle-HumanScale/beetle-monolingual-humanscale-eng@step-2048,2048,Gram,ses-5,2,14,60,-0.028938474762214745,-0.03883698302576765,-0.019523303088661285
beetle-humanscale-eng,Beetle-HumanScale/beetle-monolingual-humanscale-eng@step-2048,2048,Gram,ses-7,2,14,60,-0.029336505413859904,-0.038749658123001164,-0.019812016747947227
beetle-humanscale-eng,Beetle-HumanScale/beetle-monolingual-humanscale-eng@step-2048,2048,Gram,ses-9,2,14,60,-0.03345787151242023,-0.03960583001037432,-0.02241043968152073
beetle-humanscale-eng,Beetle-HumanScale/beetle-monolingual-humanscale-eng@step-2048,2048,Gram,ses-5,3,14,60,-0.0266957498903071,-0.03605301784129974,-0.017654329267708463
beetle-humanscale-eng,Beetle-HumanScale/beetle-monolingual-humanscale-eng@step-2048,2048,Gram,ses-7,3,14,60,-0.028762492199987128,-0.0359507530246156,-0.019174547208196405
beetle-humanscale-eng,Beetle-HumanScale/beetle-monolingual-humanscale-eng@step-2048,2048,Gram,ses-9,3,14,60,-0.033342429617673496,-0.03629691810323259,-0.02197736919259181
beetle-humanscale-eng,Beetle-HumanScale/beetle-monolingual-humanscale-eng@step-2048,2048,Gram,ses-5,4,14,60,-0.031134813831739893,-0.03632161370890821,-0.020660272808858144
beetle-humanscale-eng,Beetle-HumanScale/beetle-monolingual-humanscale-eng@step-2048,2048,Gram,ses-7,4,14,60,-0.03375021567856243,-0.03682681572222913,-0.022699153340806674
beetle-humanscale-eng,Beetle-HumanScale/beetle-monolingual-humanscale-eng@step-2048,2048,Gram,ses-9,4,14,60,-0.04047575018796827,-0.03655202230614012,-0.026743699558945174
beetle-humanscale-eng,Beetle-HumanScale/beetle-monolingual-humanscale-eng@step-2048,2048,Gram,ses-5,5,14,60,-0.02510937925306318,-0.03359892122038708,-0.017001529799145997
beetle-humanscale-eng,Beetle-HumanScale/beetle-monolingual-humanscale-eng@step-2048,2048,Gram,ses-7,5,14,60,-0.031191567461470854,-0.03337634376709842,-0.020808462120704026
beetle-humanscale-eng,Beetle-HumanScale/beetle-monolingual-humanscale-eng@step-2048,2048,Gram,ses-9,5,14,60,-0.037185485229982024,-0.03288619002551532,-0.02438289052195214
beetle-humanscale-eng,Beetle-HumanScale/beetle-monolingual-humanscale-eng@step-2048,2048,Gram,ses-5,6,14,60,-0.02943149730475712,-0.032796405618447835,-0.019555240440352208
beetle-humanscale-eng,Beetle-HumanScale/beetle-monolingual-humanscale-eng@step-2048,2048,Gram,ses-7,6,14,60,-0.03732988606139695,-0.032701265194985084,-0.024654996758358805
beetle-humanscale-eng,Beetle-HumanScale/beetle-monolingual-humanscale-eng@step-2048,2048,Gram,ses-9,6,14,60,-0.04152598880894639,-0.032027647442933065,-0.027404163991913463
beetle-humanscale-eng,Beetle-HumanScale/beetle-monolingual-humanscale-eng@step-2048,2048,Gram,ses-5,7,14,60,-0.030476449221036362,-0.03139269943699695,-0.02020931740298231
beetle-humanscale-eng,Beetle-HumanScale/beetle-monolingual-humanscale-eng@step-2048,2048,Gram,ses-7,7,14,60,-0.03933786652932776,-0.031516094267521055,-0.025922270873454636
beetle-humanscale-eng,Beetle-HumanScale/beetle-monolingual-humanscale-eng@step-2048,2048,Gram,ses-9,7,14,60,-0.046438832813108864,-0.030911235959559698,-0.030963262464349932
beetle-humanscale-eng,Beetle-HumanScale/beetle-monolingual-humanscale-eng@step-2048,2048,Gram,ses-5,8,14,60,-0.03143669267692558,-0.0317448945665591,-0.020759917346133826
beetle-humanscale-eng,Beetle-HumanScale/beetle-monolingual-humanscale-eng@step-2048,2048,Gram,ses-7,8,14,60,-0.042229142174112735,-0.0324036985942317,-0.02801352866217628
beetle-humanscale-eng,Beetle-HumanScale/beetle-monolingual-humanscale-eng@step-2048,2048,Gram,ses-9,8,14,60,-0.05384775884269123,-0.031964498374090336,-0.035706597937485825
beetle-humanscale-eng,Beetle-HumanScale/beetle-monolingual-humanscale-eng@step-2048,2048,Gram,ses-5,9,14,60,-0.029882399331434197,-0.03202443319599665,-0.0197902993487974
beetle-humanscale-eng,Beetle-HumanScale/beetle-monolingual-humanscale-eng@step-2048,2048,Gram,ses-7,9,14,60,-0.04041909393920801,-0.0320899419720523,-0.026604452705572747
beetle-humanscale-eng,Beetle-HumanScale/beetle-monolingual-humanscale-eng@step-2048,2048,Gram,ses-9,9,14,60,-0.05309348479594422,-0.03208666677411862,-0.034954153931647684
beetle-humanscale-eng,Beetle-HumanScale/beetle-monolingual-humanscale-eng@step-2048,2048,Gram,ses-5,10,14,60,-0.019470733233968317,-0.025692104452173924,-0.013142220220814849
beetle-humanscale-eng,Beetle-HumanScale/beetle-monolingual-humanscale-eng@step-2048,2048,Gram,ses-7,10,14,60,-0.034338998339659865,-0.02363640484534186,-0.022296742709501043
beetle-humanscale-eng,Beetle-HumanScale/beetle-monolingual-humanscale-eng@step-2048,2048,Gram,ses-9,10,14,60,-0.04539341563219177,-0.024474547788524915,-0.02977008300517705
beetle-humanscale-eng,Beetle-HumanScale/beetle-monolingual-humanscale-eng@step-2048,2048,Gram,ses-5,11,14,60,-0.01962762046985009,-0.021277084064203474,-0.012483033281914198
beetle-humanscale-eng,Beetle-HumanScale/beetle-monolingual-humanscale-eng@step-2048,2048,Gram,ses-7,11,14,60,-0.036559109186146604,-0.017932127474022962,-0.023170548651764697
beetle-humanscale-eng,Beetle-HumanScale/beetle-monolingual-humanscale-eng@step-2048,2048,Gram,ses-9,11,14,60,-0.04617922812932005,-0.018703699275032758,-0.030015361866163333
beetle-humanscale-eng,Beetle-HumanScale/beetle-monolingual-humanscale-eng@step-2048,2048,Gram,ses-5,12,14,60,-0.019897727150324805,-0.02003598361210169,-0.01227480174888938
beetle-humanscale-eng,Beetle-HumanScale/beetle-monolingual-humanscale-eng@step-2048,2048,Gram,ses-7,12,14,60,-0.030986712523437914,-0.016236860960478848,-0.01944920843273834
beetle-humanscale-eng,Beetle-HumanScale/beetle-monolingual-humanscale-eng@step-2048,2048,Gram,ses-9,12,14,60,-0.043892757561347,-0.017941735594974757,-0.028550076170583784
beetle-humanscale-eng,Beetle-HumanScale/beetle-monolingual-humanscale-eng@step-2048,2048,Gram,ses-5,13,14,60,-0.015231144472942026,-0.018611603760827447,-0.009406827567044486
beetle-humanscale-eng,Beetle-HumanScale/beetle-monolingual-humanscale-eng@step-2048,2048,Gram,ses-7,13,14,60,-0.027051311618613967,-0.014422242051071942,-0.0173477306914756
beetle-humanscale-eng,Beetle-HumanScale/beetle-monolingual-humanscale-eng@step-2048,2048,Gram,ses-9,13,14,60,-0.0458791237818229,-0.017788549836239443,-0.030314295477990374
beetle-humanscale-eng,Beetle-HumanScale/beetle-monolingual-humanscale-eng@step-2048,2048,Plaus,ses-5,0,14,60,-0.016159853806493117,-0.009681545314239207,-0.010925768013464787
beetle-humanscale-eng,Beetle-HumanScale/beetle-monolingual-humanscale-eng@step-2048,2048,Plaus,ses-7,0,14,60,-0.04072036469433215,-0.011014987406540633,-0.027473148671565858
beetle-humanscale-eng,Beetle-HumanScale/beetle-monolingual-humanscale-eng@step-2048,2048,Plaus,ses-9,0,14,60,-0.028503222939541877,-0.012421348872587978,-0.019111949998882192
beetle-humanscale-eng,Beetle-HumanScale/beetle-monolingual-humanscale-eng@step-2048,2048,Plaus,ses-5,1,14,60,-0.005874029891446025,-0.004829591866314266,-0.003829288467741678
beetle-humanscale-eng,Beetle-HumanScale/beetle-monolingual-humanscale-eng@step-2048,2048,Plaus,ses-7,1,14,60,-0.02261512798989268,-0.00489968457609356,-0.015248807938348138
beetle-humanscale-eng,Beetle-HumanScale/beetle-monolingual-humanscale-eng@step-2048,2048,Plaus,ses-9,1,14,60,-0.014607114228489983,-0.007257194797050382,-0.00952946699753763
beetle-humanscale-eng,Beetle-HumanScale/beetle-monolingual-humanscale-eng@step-2048,2048,Plaus,ses-5,2,14,60,-0.002042486873897232,-0.0028169533140333,-0.001177210783327425
beetle-humanscale-eng,Beetle-HumanScale/beetle-monolingual-humanscale-eng@step-2048,2048,Plaus,ses-7,2,14,60,-0.012650771643295387,-0.0019056031010718615,-0.008345229996838201
beetle-humanscale-eng,Beetle-HumanScale/beetle-monolingual-humanscale-eng@step-2048,2048,Plaus,ses-9,2,14,60,-0.008645684915829921,-0.004942387749831283,-0.005684209853950491
beetle-humanscale-eng,Beetle-HumanScale/beetle-monolingual-humanscale-eng@step-2048,2048,Plaus,ses-5,3,14,60,0.0011656945818650742,-0.0018302122466370314,0.0005972284766202617
beetle-humanscale-eng,Beetle-HumanScale/beetle-monolingual-humanscale-eng@step-2048,2048,Plaus,ses-7,3,14,60,-0.010142240001775365,-0.0011470625035623766,-0.006851839431770639
beetle-humanscale-eng,Beetle-HumanScale/beetle-monolingual-humanscale-eng@step-2048,2048,Plaus,ses-9,3,14,60,-0.00787824928988579,-0.00417519528540564,-0.005077400171822953
beetle-humanscale-eng,Beetle-HumanScale/beetle-monolingual-humanscale-eng@step-2048,2048,Plaus,ses-5,4,14,60,0.002746321905858559,-0.0017545729570422539,0.0018466176747691729
beetle-humanscale-eng,Beetle-HumanScale/beetle-monolingual-humanscale-eng@step-2048,2048,Plaus,ses-7,4,14,60,-0.008328610311170019,-0.0006975664826286802,-0.0053801662658529035
beetle-humanscale-eng,Beetle-HumanScale/beetle-monolingual-humanscale-eng@step-2048,2048,Plaus,ses-9,4,14,60,-0.005979647128258708,-0.003410943511385437,-0.0035852871008230256
beetle-humanscale-eng,Beetle-HumanScale/beetle-monolingual-humanscale-eng@step-2048,2048,Plaus,ses-5,5,14,60,-0.00020676252304811465,-0.0016971130639841028,-0.00027146748937284624
beetle-humanscale-eng,Beetle-HumanScale/beetle-monolingual-humanscale-eng@step-2048,2048,Plaus,ses-7,5,14,60,-0.015169813937587597,-0.0008756195336720833,-0.010089009399162602
beetle-humanscale-eng,Beetle-HumanScale/beetle-monolingual-humanscale-eng@step-2048,2048,Plaus,ses-9,5,14,60,-0.012680048691134564,-0.003157396361781424,-0.008386109807002584
beetle-humanscale-eng,Beetle-HumanScale/beetle-monolingual-humanscale-eng@step-2048,2048,Plaus,ses-5,6,14,60,0.0029862621256282586,-0.0013435801051658557,0.0018389527103633513
beetle-humanscale-eng,Beetle-HumanScale/beetle-monolingual-humanscale-eng@step-2048,2048,Plaus,ses-7,6,14,60,-0.009730318495663526,-0.000198147225631308,-0.006522245962320312
beetle-humanscale-eng,Beetle-HumanScale/beetle-monolingual-humanscale-eng@step-2048,2048,Plaus,ses-9,6,14,60,-0.008852690891304816,-0.002649174741165914,-0.005894996375110583
beetle-humanscale-eng,Beetle-HumanScale/beetle-monolingual-humanscale-eng@step-2048,2048,Plaus,ses-5,7,14,60,0.0035771330675420728,-0.00029613932126161535,0.002530077000954927
beetle-humanscale-eng,Beetle-HumanScale/beetle-monolingual-humanscale-eng@step-2048,2048,Plaus,ses-7,7,14,60,-0.004622584872804304,0.001783486453609824,-0.0030359646517391487
beetle-humanscale-eng,Beetle-HumanScale/beetle-monolingual-humanscale-eng@step-2048,2048,Plaus,ses-9,7,14,60,-0.006369300852401065,-0.0007139572969628999,-0.004077122316863241
beetle-humanscale-eng,Beetle-HumanScale/beetle-monolingual-humanscale-eng@step-2048,2048,Plaus,ses-5,8,14,60,0.00360481090344,0.000999287224441793,0.002574789293322219
beetle-humanscale-eng,Beetle-HumanScale/beetle-monolingual-humanscale-eng@step-2048,2048,Plaus,ses-7,8,14,60,0.002082640294154154,0.0043188630506301035,0.001329232577376219
beetle-humanscale-eng,Beetle-HumanScale/beetle-monolingual-humanscale-eng@step-2048,2048,Plaus,ses-9,8,14,60,-0.0006802699190598046,0.001538405747971365,-0.00042221178935400314
beetle-humanscale-eng,Beetle-HumanScale/beetle-monolingual-humanscale-eng@step-2048,2048,Plaus,ses-5,9,14,60,0.0008154866429257993,-0.0032428376209938763,0.0008731671952298372
beetle-humanscale-eng,Beetle-HumanScale/beetle-monolingual-humanscale-eng@step-2048,2048,Plaus,ses-7,9,14,60,0.00249601818678353,0.00035563518707158043,0.001679265951908736
beetle-humanscale-eng,Beetle-HumanScale/beetle-monolingual-humanscale-eng@step-2048,2048,Plaus,ses-9,9,14,60,0.0007173049842323708,-0.002514036524294761,0.0007709676698188833
beetle-humanscale-eng,Beetle-HumanScale/beetle-monolingual-humanscale-eng@step-2048,2048,Plaus,ses-5,10,14,60,-0.01653133407747904,-0.011339298011212572,-0.010706039033831237
beetle-humanscale-eng,Beetle-HumanScale/beetle-monolingual-humanscale-eng@step-2048,2048,Plaus,ses-7,10,14,60,-0.028913356963835755,-0.009856260486212728,-0.01926652678106626
beetle-humanscale-eng,Beetle-HumanScale/beetle-monolingual-humanscale-eng@step-2048,2048,Plaus,ses-9,10,14,60,-0.025508797042535596,-0.011239630055925034,-0.017060294526257295
beetle-humanscale-eng,Beetle-HumanScale/beetle-monolingual-humanscale-eng@step-2048,2048,Plaus,ses-5,11,14,60,-0.019345023056865387,-0.016981276355393114,-0.012815181739499798
beetle-humanscale-eng,Beetle-HumanScale/beetle-monolingual-humanscale-eng@step-2048,2048,Plaus,ses-7,11,14,60,-0.03397087013808801,-0.015472379773910038,-0.02264294360183065
beetle-humanscale-eng,Beetle-HumanScale/beetle-monolingual-humanscale-eng@step-2048,2048,Plaus,ses-9,11,14,60,-0.033811585166305134,-0.016495498325132696,-0.02279241040774417
beetle-humanscale-eng,Beetle-HumanScale/beetle-monolingual-humanscale-eng@step-2048,2048,Plaus,ses-5,12,14,60,-0.025300700400188728,-0.023086412960473562,-0.01674986346782152
beetle-humanscale-eng,Beetle-HumanScale/beetle-monolingual-humanscale-eng@step-2048,2048,Plaus,ses-7,12,14,60,-0.03797176948381285,-0.02244825002976202,-0.025269471404892163
beetle-humanscale-eng,Beetle-HumanScale/beetle-monolingual-humanscale-eng@step-2048,2048,Plaus,ses-9,12,14,60,-0.03433817384744117,-0.022881088014329868,-0.02284351017044965
beetle-humanscale-eng,Beetle-HumanScale/beetle-monolingual-humanscale-eng@step-2048,2048,Plaus,ses-5,13,14,60,-0.03645384468485006,-0.0335896720074257,-0.02449147751770128
beetle-humanscale-eng,Beetle-HumanScale/beetle-monolingual-humanscale-eng@step-2048,2048,Plaus,ses-7,13,14,60,-0.053929262387134046,-0.034859507237111495,-0.036171605778105666
beetle-humanscale-eng,Beetle-HumanScale/beetle-monolingual-humanscale-eng@step-2048,2048,Plaus,ses-9,13,14,60,-0.04677972680320493,-0.03372180486922931,-0.0312698610405828
beetle-humanscale-eng,Beetle-HumanScale/beetle-monolingual-humanscale-eng@step-9500,9500,Sem,ses-5,0,14,72,-0.0037051979923032365,-0.001064216952775563,-0.0023544616251542742
beetle-humanscale-eng,Beetle-HumanScale/beetle-monolingual-humanscale-eng@step-9500,9500,Sem,ses-7,0,14,72,-0.022668162989756754,-0.002313006134673441,-0.014898523561460084
beetle-humanscale-eng,Beetle-HumanScale/beetle-monolingual-humanscale-eng@step-9500,9500,Sem,ses-9,0,14,72,-0.015037233578566058,-7.030433651112819e-05,-0.009469909257676958
beetle-humanscale-eng,Beetle-HumanScale/beetle-monolingual-humanscale-eng@step-9500,9500,Sem,ses-5,1,14,72,0.019290295284941295,0.006336121520920113,0.012721687813333578
beetle-humanscale-eng,Beetle-HumanScale/beetle-monolingual-humanscale-eng@step-9500,9500,Sem,ses-7,1,14,72,-0.008354261947252055,0.005069099159282613,-0.005594602623350453
beetle-humanscale-eng,Beetle-HumanScale/beetle-monolingual-humanscale-eng@step-9500,9500,Sem,ses-9,1,14,72,0.0006409989070126664,0.007931278075182378,0.0002884889244140643
beetle-humanscale-eng,Beetle-HumanScale/beetle-monolingual-humanscale-eng@step-9500,9500,Sem,ses-5,2,14,72,0.003327789294667112,-0.007854997494687984,0.0020083974164622435
beetle-humanscale-eng,Beetle-HumanScale/beetle-monolingual-humanscale-eng@step-9500,9500,Sem,ses-7,2,14,72,-0.01600504536730493,-0.008154088199061193,-0.010855391098493547
beetle-humanscale-eng,Beetle-HumanScale/beetle-monolingual-humanscale-eng@step-9500,9500,Sem,ses-9,2,14,72,-0.011757150532354295,-0.005608619113252521,-0.007750613268653013
beetle-humanscale-eng,Beetle-HumanScale/beetle-monolingual-humanscale-eng@step-9500,9500,Sem,ses-5,3,14,72,0.006961953943478256,-0.0058166269752293505,0.00429670871499928
beetle-humanscale-eng,Beetle-HumanScale/beetle-monolingual-humanscale-eng@step-9500,9500,Sem,ses-7,3,14,72,-0.025769335747045582,-0.006564589441118536,-0.017049021679544543
beetle-humanscale-eng,Beetle-HumanScale/beetle-monolingual-humanscale-eng@step-9500,9500,Sem,ses-9,3,14,72,-0.02166834462433074,-0.003733986034557081,-0.014379120996909921
beetle-humanscale-eng,Beetle-HumanScale/beetle-monolingual-humanscale-eng@step-9500,9500,Sem,ses-5,4,14,72,0.008032771877298043,-0.004874070783297255,0.005276101050748938
beetle-humanscale-eng,Beetle-HumanScale/beetle-monolingual-humanscale-eng@step-9500,9500,Sem,ses-7,4,14,72,-0.018709510910670035,-0.00498250288229147,-0.012496286700415582
beetle-humanscale-eng,Beetle-HumanScale/beetle-monolingual-humanscale-eng@step-9500,9500,Sem,ses-9,4,14,72,-0.016506337532501476,-0.0019474812768450808,-0.010966866648904079
beetle-humanscale-eng,Beetle-HumanScale/beetle-monolingual-humanscale-eng@step-9500,9500,Sem,ses-5,5,14,72,0.007023977959146941,-0.0028651155442031596,0.004676460590024163
beetle-humanscale-eng,Beetle-HumanScale/beetle-monolingual-humanscale-eng@step-9500,9500,Sem,ses-7,5,14,72,-0.004863448157780559,-0.0020703369367685263,-0.0029957522915269393
beetle-humanscale-eng,Beetle-HumanScale/beetle-monolingual-humanscale-eng@step-9500,9500,Sem,ses-9,5,14,72,-0.005323188328608034,0.00041488032003409933,-0.003481467189744249
beetle-humanscale-eng,Beetle-HumanScale/beetle-monolingual-humanscale-eng@step-9500,9500,Sem,ses-5,6,14,72,-0.002707884733106173,-0.007125271530442555,-0.0015771952874017315
beetle-humanscale-eng,Beetle-HumanScale/beetle-monolingual-humanscale-eng@step-9500,9500,Sem,ses-7,6,14,72,-0.0018709047401341957,-0.006068107395232174,-0.0013407691200475302
beetle-humanscale-eng,Beetle-HumanScale/beetle-monolingual-humanscale-eng@step-9500,9500,Sem,ses-9,6,14,72,-0.00466339178282974,-0.0043950923370602015,-0.002969414661484891
beetle-humanscale-eng,Beetle-HumanScale/beetle-monolingual-humanscale-eng@step-9500,9500,Sem,ses-5,7,14,72,0.005235204197471487,-0.006108174410794463,0.004014957323851786
beetle-humanscale-eng,Beetle-HumanScale/beetle-monolingual-humanscale-eng@step-9500,9500,Sem,ses-7,7,14,72,-0.0066563015201622005,-0.0052818194161312285,-0.004660535511394087
beetle-humanscale-eng,Beetle-HumanScale/beetle-monolingual-humanscale-eng@step-9500,9500,Sem,ses-9,7,14,72,-0.004702297821623651,-0.0032734237946887863,-0.0030882402481862254
beetle-humanscale-eng,Beetle-HumanScale/beetle-monolingual-humanscale-eng@step-9500,9500,Sem,ses-5,8,14,72,0.012657472488448746,-0.002523700240351474,0.00927023327177678
beetle-humanscale-eng,Beetle-HumanScale/beetle-monolingual-humanscale-eng@step-9500,9500,Sem,ses-7,8,14,72,-0.003971337143674644,-0.0014630734451066586,-0.0030435275274171662
beetle-humanscale-eng,Beetle-HumanScale/beetle-monolingual-humanscale-eng@step-9500,9500,Sem,ses-9,8,14,72,0.000545776844166989,-3.1859171258288334e-05,0.00022172609477259293
beetle-humanscale-eng,Beetle-HumanScale/beetle-monolingual-humanscale-eng@step-9500,9500,Sem,ses-5,9,14,72,-0.0011100171692119238,0.00043317837034105057,-0.0003264641119165526
beetle-humanscale-eng,Beetle-HumanScale/beetle-monolingual-humanscale-eng@step-9500,9500,Sem,ses-7,9,14,72,0.019684914191721782,0.0027337959335041063,0.013267428007925788
beetle-humanscale-eng,Beetle-HumanScale/beetle-monolingual-humanscale-eng@step-9500,9500,Sem,ses-9,9,14,72,0.015267142110102359,0.003039770195554025,0.010524026962383127
beetle-humanscale-eng,Beetle-HumanScale/beetle-monolingual-humanscale-eng@step-9500,9500,Sem,ses-5,10,14,72,-0.00019444970862887397,0.002072752585845267,0.0002627637973962496
beetle-humanscale-eng,Beetle-HumanScale/beetle-monolingual-humanscale-eng@step-9500,9500,Sem,ses-7,10,14,72,0.022017735081358517,0.00465370102485267,0.014783985495928386
beetle-humanscale-eng,Beetle-HumanScale/beetle-monolingual-humanscale-eng@step-9500,9500,Sem,ses-9,10,14,72,0.018210365260764905,0.0045230761159097445,0.012375011101617314
beetle-humanscale-eng,Beetle-HumanScale/beetle-monolingual-humanscale-eng@step-9500,9500,Sem,ses-5,11,14,72,-0.00541456290472112,0.006906755213115123,-0.0034710546383322767
beetle-humanscale-eng,Beetle-HumanScale/beetle-monolingual-humanscale-eng@step-9500,9500,Sem,ses-7,11,14,72,0.02783535491848845,0.010205580638409692,0.01844062855060347
beetle-humanscale-eng,Beetle-HumanScale/beetle-monolingual-humanscale-eng@step-9500,9500,Sem,ses-9,11,14,72,0.025030647039152178,0.011164394163994385,0.01698715887409694
beetle-humanscale-eng,Beetle-HumanScale/beetle-monolingual-humanscale-eng@step-9500,9500,Sem,ses-5,12,14,72,-0.009370021440468347,0.0061804953413946515,-0.006072354982252725
beetle-humanscale-eng,Beetle-HumanScale/beetle-monolingual-humanscale-eng@step-9500,9500,Sem,ses-7,12,14,72,0.031792850739421875,0.009805838930466567,0.021320005267526008
beetle-humanscale-eng,Beetle-HumanScale/beetle-monolingual-humanscale-eng@step-9500,9500,Sem,ses-9,12,14,72,0.03018677941973023,0.010340724984730522,0.020476588603156227
beetle-humanscale-eng,Beetle-HumanScale/beetle-monolingual-humanscale-eng@step-9500,9500,Sem,ses-5,13,14,72,-0.011752005219503087,0.007574081179031369,-0.00798642693298298
beetle-humanscale-eng,Beetle-HumanScale/beetle-monolingual-humanscale-eng@step-9500,9500,Sem,ses-7,13,14,72,0.03946258917582619,0.011517888186003612,0.0265771187245237
beetle-humanscale-eng,Beetle-HumanScale/beetle-monolingual-humanscale-eng@step-9500,9500,Sem,ses-9,13,14,72,0.03660227526812209,0.011577665819828172,0.02490559797138998
beetle-humanscale-eng,Beetle-HumanScale/beetle-monolingual-humanscale-eng@step-9500,9500,Phon,ses-5,0,14,72,-0.0171675785026975,-0.017414011789726472,-0.011523019394908263
beetle-humanscale-eng,Beetle-HumanScale/beetle-monolingual-humanscale-eng@step-9500,9500,Phon,ses-7,0,14,72,-0.018306704057712647,-0.017537765243680007,-0.01230824827197584
beetle-humanscale-eng,Beetle-HumanScale/beetle-monolingual-humanscale-eng@step-9500,9500,Phon,ses-9,0,14,72,-0.009549372242907733,-0.014958278809495636,-0.00650416961433747
beetle-humanscale-eng,Beetle-HumanScale/beetle-monolingual-humanscale-eng@step-9500,9500,Phon,ses-5,1,14,72,-0.015103063401058764,-0.020883063219937263,-0.010162650178085254
beetle-humanscale-eng,Beetle-HumanScale/beetle-monolingual-humanscale-eng@step-9500,9500,Phon,ses-7,1,14,72,-0.00442956246541129,-0.017626347128354636,-0.0029755396917272277
beetle-humanscale-eng,Beetle-HumanScale/beetle-monolingual-humanscale-eng@step-9500,9500,Phon,ses-9,1,14,72,-0.015119737520344602,-0.019076340325268296,-0.00998747431315442
beetle-humanscale-eng,Beetle-HumanScale/beetle-monolingual-humanscale-eng@step-9500,9500,Phon,ses-5,2,14,72,0.03788863653740336,0.016525826809221728,0.025126099060114107
beetle-humanscale-eng,Beetle-HumanScale/beetle-monolingual-humanscale-eng@step-9500,9500,Phon,ses-7,2,14,72,0.04503724532798856,0.019328722772624592,0.029778672032193157
beetle-humanscale-eng,Beetle-HumanScale/beetle-monolingual-humanscale-eng@step-9500,9500,Phon,ses-9,2,14,72,0.029251650428264112,0.014465957191365446,0.019480046182728025
beetle-humanscale-eng,Beetle-HumanScale/beetle-monolingual-humanscale-eng@step-9500,9500,Phon,ses-5,3,14,72,0.033705395145456965,0.008016731678525856,0.0222454973371431
beetle-humanscale-eng,Beetle-HumanScale/beetle-monolingual-humanscale-eng@step-9500,9500,Phon,ses-7,3,14,72,0.01902732236938308,0.009385644950707775,0.01256059951796012
beetle-humanscale-eng,Beetle-HumanScale/beetle-monolingual-humanscale-eng@step-9500,9500,Phon,ses-9,3,14,72,0.02505673291296487,0.00850933187597102,0.016759920252106243
beetle-humanscale-eng,Beetle-HumanScale/beetle-monolingual-humanscale-eng@step-9500,9500,Phon,ses-5,4,14,72,0.01764279485474895,0.004070659796181604,0.011496681764866214
beetle-humanscale-eng,Beetle-HumanScale/beetle-monolingual-humanscale-eng@step-9500,9500,Phon,ses-7,4,14,72,0.010401488510263089,0.006316246084773629,0.006657907873420125
beetle-humanscale-eng,Beetle-HumanScale/beetle-monolingual-humanscale-eng@step-9500,9500,Phon,ses-9,4,14,72,0.01795553789285591,0.00612661398305679,0.012062634559258135
beetle-humanscale-eng,Beetle-HumanScale/beetle-monolingual-humanscale-eng@step-9500,9500,Phon,ses-5,5,14,72,0.010271772729979145,-0.0007454519552872263,0.006581957498415148
beetle-humanscale-eng,Beetle-HumanScale/beetle-monolingual-humanscale-eng@step-9500,9500,Phon,ses-7,5,14,72,0.008326043930530212,0.002961448909551183,0.005516202236248541
beetle-humanscale-eng,Beetle-HumanScale/beetle-monolingual-humanscale-eng@step-9500,9500,Phon,ses-9,5,14,72,0.0027907752919676693,0.0036310796417852644,0.001792183848907754
beetle-humanscale-eng,Beetle-HumanScale/beetle-monolingual-humanscale-eng@step-9500,9500,Phon,ses-5,6,14,72,0.009853291356922514,0.0021871214591685393,0.0066180951768449355
beetle-humanscale-eng,Beetle-HumanScale/beetle-monolingual-humanscale-eng@step-9500,9500,Phon,ses-7,6,14,72,0.003796530169888637,0.00643651620114657,0.0024714497027829075
beetle-humanscale-eng,Beetle-HumanScale/beetle-monolingual-humanscale-eng@step-9500,9500,Phon,ses-9,6,14,72,-0.0029836914674087676,0.006564356960911243,-0.0018785467753247031
beetle-humanscale-eng,Beetle-HumanScale/beetle-monolingual-humanscale-eng@step-9500,9500,Phon,ses-5,7,14,72,0.006690112549442836,-0.0005644734868244898,0.004710148256357015
beetle-humanscale-eng,Beetle-HumanScale/beetle-monolingual-humanscale-eng@step-9500,9500,Phon,ses-7,7,14,72,0.006887380682234062,0.0060990799465892335,0.004839998897494557
beetle-humanscale-eng,Beetle-HumanScale/beetle-monolingual-humanscale-eng@step-9500,9500,Phon,ses-9,7,14,72,-0.003939402428898828,0.006322209778655379,-0.0022601361594222873
beetle-humanscale-eng,Beetle-HumanScale/beetle-monolingual-humanscale-eng@step-9500,9500,Phon,ses-5,8,14,72,-0.009643559494230264,-0.011133023339482339,-0.006580732492366681
beetle-humanscale-eng,Beetle-HumanScale/beetle-monolingual-humanscale-eng@step-9500,9500,Phon,ses-7,8,14,72,-0.01683280475843419,-0.0040509175609453486,-0.0105963023192427
beetle-humanscale-eng,Beetle-HumanScale/beetle-monolingual-humanscale-eng@step-9500,9500,Phon,ses-9,8,14,72,-0.02102461712054488,-0.0020024594993121184,-0.013769067984773174
beetle-humanscale-eng,Beetle-HumanScale/beetle-monolingual-humanscale-eng@step-9500,9500,Phon,ses-5,9,14,72,-0.01758812734294309,-0.014614867518036177,-0.011540169479586805
beetle-humanscale-eng,Beetle-HumanScale/beetle-monolingual-humanscale-eng@step-9500,9500,Phon,ses-7,9,14,72,-0.028432610761455604,-0.010492234549834977,-0.01887673070385785
beetle-humanscale-eng,Beetle-HumanScale/beetle-monolingual-humanscale-eng@step-9500,9500,Phon,ses-9,9,14,72,-0.02787381253895567,-0.005731498195057773,-0.018549654088917063
beetle-humanscale-eng,Beetle-HumanScale/beetle-monolingual-humanscale-eng@step-9500,9500,Phon,ses-5,10,14,72,-0.020193728861796326,-0.015100486137837866,-0.013387478600675589
beetle-humanscale-eng,Beetle-HumanScale/beetle-monolingual-humanscale-eng@step-9500,9500,Phon,ses-7,10,14,72,-0.02639743472235545,-0.011039703019444506,-0.017521874014252942
beetle-humanscale-eng,Beetle-HumanScale/beetle-monolingual-humanscale-eng@step-9500,9500,Phon,ses-9,10,14,72,-0.028578910115017106,-0.006515383466177376,-0.019132756967987528
beetle-humanscale-eng,Beetle-HumanScale/beetle-monolingual-humanscale-eng@step-9500,9500,Phon,ses-5,11,14,72,-0.01817654129634023,-0.016911951907419412,-0.012149609988699319
beetle-humanscale-eng,Beetle-HumanScale/beetle-monolingual-humanscale-eng@step-9500,9500,Phon,ses-7,11,14,72,-0.02313885635310911,-0.01274024218201345,-0.015605352051425754
beetle-humanscale-eng,Beetle-HumanScale/beetle-monolingual-humanscale-eng@step-9500,9500,Phon,ses-9,11,14,72,-0.026503048017579404,-0.0074149347894000295,-0.017610686952766828
beetle-humanscale-eng,Beetle-HumanScale/beetle-monolingual-humanscale-eng@step-9500,9500,Phon,ses-5,12,14,72,-0.01201879256531469,-0.01199404717257314,-0.00823571566384609
beetle-humanscale-eng,Beetle-HumanScale/beetle-monolingual-humanscale-eng@step-9500,9500,Phon,ses-7,12,14,72,-0.01599884009126161,-0.008059989798378325,-0.010890303770874866
beetle-humanscale-eng,Beetle-HumanScale/beetle-monolingual-humanscale-eng@step-9500,9500,Phon,ses-9,12,14,72,-0.019183070127046214,-0.0033898888219026993,-0.0126420624201832
beetle-humanscale-eng,Beetle-HumanScale/beetle-monolingual-humanscale-eng@step-9500,9500,Phon,ses-5,13,14,72,-0.009375288199949703,-0.010332987375800524,-0.006475381972198488
beetle-humanscale-eng,Beetle-HumanScale/beetle-monolingual-humanscale-eng@step-9500,9500,Phon,ses-7,13,14,72,-0.01213734244181622,-0.006332368995376953,-0.008391291432001445
beetle-humanscale-eng,Beetle-HumanScale/beetle-monolingual-humanscale-eng@step-9500,9500,Phon,ses-9,13,14,72,-0.01491376547285312,-0.0022506207128373847,-0.010011974434123768
beetle-humanscale-eng,Beetle-HumanScale/beetle-monolingual-humanscale-eng@step-9500,9500,Gram,ses-5,0,14,60,-0.018993960329405417,-0.036436920637040945,-0.012666992427653914
beetle-humanscale-eng,Beetle-HumanScale/beetle-monolingual-humanscale-eng@step-9500,9500,Gram,ses-7,0,14,60,-0.032021190575311685,-0.03429026916135046,-0.021198097811333288
beetle-humanscale-eng,Beetle-HumanScale/beetle-monolingual-humanscale-eng@step-9500,9500,Gram,ses-9,0,14,60,-0.03353996799877361,-0.03562699677800288,-0.022199653160360634
beetle-humanscale-eng,Beetle-HumanScale/beetle-monolingual-humanscale-eng@step-9500,9500,Gram,ses-5,1,14,60,-0.025181677049741356,-0.03261645634522211,-0.016639998978004746
beetle-humanscale-eng,Beetle-HumanScale/beetle-monolingual-humanscale-eng@step-9500,9500,Gram,ses-7,1,14,60,-0.03600045619738747,-0.029270372177314347,-0.023661106373737275
beetle-humanscale-eng,Beetle-HumanScale/beetle-monolingual-humanscale-eng@step-9500,9500,Gram,ses-9,1,14,60,-0.029990277970788966,-0.03018315024336207,-0.01998958842334876
beetle-humanscale-eng,Beetle-HumanScale/beetle-monolingual-humanscale-eng@step-9500,9500,Gram,ses-5,2,14,60,-0.023219255727952755,-0.03308191637926554,-0.01551324921034898
beetle-humanscale-eng,Beetle-HumanScale/beetle-monolingual-humanscale-eng@step-9500,9500,Gram,ses-7,2,14,60,-0.03314538463349165,-0.02951387097980676,-0.022071903753596946
beetle-humanscale-eng,Beetle-HumanScale/beetle-monolingual-humanscale-eng@step-9500,9500,Gram,ses-9,2,14,60,-0.033899580775462096,-0.03076857816598041,-0.022478146867105486
beetle-humanscale-eng,Beetle-HumanScale/beetle-monolingual-humanscale-eng@step-9500,9500,Gram,ses-5,3,14,60,-0.021073176059422865,-0.034726665332721576,-0.014017303657146143
beetle-humanscale-eng,Beetle-HumanScale/beetle-monolingual-humanscale-eng@step-9500,9500,Gram,ses-7,3,14,60,-0.032954104602775966,-0.03120617294986631,-0.021884112125654318
beetle-humanscale-eng,Beetle-HumanScale/beetle-monolingual-humanscale-eng@step-9500,9500,Gram,ses-9,3,14,60,-0.03745122058688255,-0.03281882931313477,-0.025006307626958955
beetle-humanscale-eng,Beetle-HumanScale/beetle-monolingual-humanscale-eng@step-9500,9500,Gram,ses-5,4,14,60,-0.01977307517977028,-0.03405099854771569,-0.013282744568254911
beetle-humanscale-eng,Beetle-HumanScale/beetle-monolingual-humanscale-eng@step-9500,9500,Gram,ses-7,4,14,60,-0.03149715543962989,-0.030146244362013255,-0.020827624531718582
beetle-humanscale-eng,Beetle-HumanScale/beetle-monolingual-humanscale-eng@step-9500,9500,Gram,ses-9,4,14,60,-0.03454849510396341,-0.03208537127049936,-0.023101563972112306
beetle-humanscale-eng,Beetle-HumanScale/beetle-monolingual-humanscale-eng@step-9500,9500,Gram,ses-5,5,14,60,-0.018970426594816677,-0.033919012776092966,-0.012812626751364523
beetle-humanscale-eng,Beetle-HumanScale/beetle-monolingual-humanscale-eng@step-9500,9500,Gram,ses-7,5,14,60,-0.029727275773133093,-0.029585482720074694,-0.019621670131869325
beetle-humanscale-eng,Beetle-HumanScale/beetle-monolingual-humanscale-eng@step-9500,9500,Gram,ses-9,5,14,60,-0.03528644377197594,-0.031298935191467626,-0.02341071753648044
beetle-humanscale-eng,Beetle-HumanScale/beetle-monolingual-humanscale-eng@step-9500,9500,Gram,ses-5,6,14,60,-0.011494974214087014,-0.0324317070239783,-0.0077396978087783015
beetle-humanscale-eng,Beetle-HumanScale/beetle-monolingual-humanscale-eng@step-9500,9500,Gram,ses-7,6,14,60,-0.02605825943168109,-0.027390483369587992,-0.016789465783918267
beetle-humanscale-eng,Beetle-HumanScale/beetle-monolingual-humanscale-eng@step-9500,9500,Gram,ses-9,6,14,60,-0.03670599431432547,-0.030445624965217008,-0.02442377033211652
beetle-humanscale-eng,Beetle-HumanScale/beetle-monolingual-humanscale-eng@step-9500,9500,Gram,ses-5,7,14,60,-0.009995276968819928,-0.03129763201746332,-0.006867169360582282
beetle-humanscale-eng,Beetle-HumanScale/beetle-monolingual-humanscale-eng@step-9500,9500,Gram,ses-7,7,14,60,-0.022919876327682016,-0.025352070243956228,-0.014951151820588733
beetle-humanscale-eng,Beetle-HumanScale/beetle-monolingual-humanscale-eng@step-9500,9500,Gram,ses-9,7,14,60,-0.03320671084080294,-0.02888618676148124,-0.022345287484071247
beetle-humanscale-eng,Beetle-HumanScale/beetle-monolingual-humanscale-eng@step-9500,9500,Gram,ses-5,8,14,60,-0.008558269264454101,-0.03044695023304874,-0.005786409379361444
beetle-humanscale-eng,Beetle-HumanScale/beetle-monolingual-humanscale-eng@step-9500,9500,Gram,ses-7,8,14,60,-0.02131685787248948,-0.024818537815882807,-0.014000696234266863
beetle-humanscale-eng,Beetle-HumanScale/beetle-monolingual-humanscale-eng@step-9500,9500,Gram,ses-9,8,14,60,-0.031302053746819145,-0.028845254894722127,-0.02105757346389323
beetle-humanscale-eng,Beetle-HumanScale/beetle-monolingual-humanscale-eng@step-9500,9500,Gram,ses-5,9,14,60,-0.005335056514857002,-0.028263766327567188,-0.003752638823683463
beetle-humanscale-eng,Beetle-HumanScale/beetle-monolingual-humanscale-eng@step-9500,9500,Gram,ses-7,9,14,60,-0.018042688906951137,-0.02191226776710814,-0.012276079242957016
beetle-humanscale-eng,Beetle-HumanScale/beetle-monolingual-humanscale-eng@step-9500,9500,Gram,ses-9,9,14,60,-0.03477551827897356,-0.027352148402715163,-0.023525692002567763
beetle-humanscale-eng,Beetle-HumanScale/beetle-monolingual-humanscale-eng@step-9500,9500,Gram,ses-5,10,14,60,-0.009429564941694958,-0.027762127412133374,-0.006526078444523223
beetle-humanscale-eng,Beetle-HumanScale/beetle-monolingual-humanscale-eng@step-9500,9500,Gram,ses-7,10,14,60,-0.022219878105966737,-0.021804520000685855,-0.01484000983670432
beetle-humanscale-eng,Beetle-HumanScale/beetle-monolingual-humanscale-eng@step-9500,9500,Gram,ses-9,10,14,60,-0.037176147476901525,-0.02671419783333339,-0.024715038979537737
beetle-humanscale-eng,Beetle-HumanScale/beetle-monolingual-humanscale-eng@step-9500,9500,Gram,ses-5,11,14,60,-0.014199979538094033,-0.03144580345488884,-0.009604839147528209
beetle-humanscale-eng,Beetle-HumanScale/beetle-monolingual-humanscale-eng@step-9500,9500,Gram,ses-7,11,14,60,-0.028546302116963303,-0.026879934136339653,-0.018874336102301725
beetle-humanscale-eng,Beetle-HumanScale/beetle-monolingual-humanscale-eng@step-9500,9500,Gram,ses-9,11,14,60,-0.038209130189869475,-0.03053033933437498,-0.025637389696371596
beetle-humanscale-eng,Beetle-HumanScale/beetle-monolingual-humanscale-eng@step-9500,9500,Gram,ses-5,12,14,60,-0.02038301980781422,-0.03189571041845472,-0.013577845697879039
beetle-humanscale-eng,Beetle-HumanScale/beetle-monolingual-humanscale-eng@step-9500,9500,Gram,ses-7,12,14,60,-0.034164827063487495,-0.026383920089859045,-0.022752808091647425
beetle-humanscale-eng,Beetle-HumanScale/beetle-monolingual-humanscale-eng@step-9500,9500,Gram,ses-9,12,14,60,-0.04127720639703604,-0.031432503850246415,-0.02739266654530473
beetle-humanscale-eng,Beetle-HumanScale/beetle-monolingual-humanscale-eng@step-9500,9500,Gram,ses-5,13,14,60,-0.01983002573546424,-0.031052359191855887,-0.01328402206232255
beetle-humanscale-eng,Beetle-HumanScale/beetle-monolingual-humanscale-eng@step-9500,9500,Gram,ses-7,13,14,60,-0.03184913138419298,-0.02545882211624862,-0.021436989201981393
beetle-humanscale-eng,Beetle-HumanScale/beetle-monolingual-humanscale-eng@step-9500,9500,Gram,ses-9,13,14,60,-0.04172100610491585,-0.03138756856343099,-0.027658385311373213
beetle-humanscale-eng,Beetle-HumanScale/beetle-monolingual-humanscale-eng@step-9500,9500,Plaus,ses-5,0,14,60,-0.03468581309277522,-0.017359197825830175,-0.023405607560209894
beetle-humanscale-eng,Beetle-HumanScale/beetle-monolingual-humanscale-eng@step-9500,9500,Plaus,ses-7,0,14,60,-0.06277517880890966,-0.01944042062155213,-0.04229335735022181
beetle-humanscale-eng,Beetle-HumanScale/beetle-monolingual-humanscale-eng@step-9500,9500,Plaus,ses-9,0,14,60,-0.05296664499958102,-0.02031266610343928,-0.03592249443491646
beetle-humanscale-eng,Beetle-HumanScale/beetle-monolingual-humanscale-eng@step-9500,9500,Plaus,ses-5,1,14,60,-0.04100086949845733,-0.022385385857036276,-0.027225314822444294
beetle-humanscale-eng,Beetle-HumanScale/beetle-monolingual-humanscale-eng@step-9500,9500,Plaus,ses-7,1,14,60,-0.0686128931723556,-0.024732337153734036,-0.04613094952940312
beetle-humanscale-eng,Beetle-HumanScale/beetle-monolingual-humanscale-eng@step-9500,9500,Plaus,ses-9,1,14,60,-0.0618104926167344,-0.025382241207252083,-0.0417708622765583
beetle-humanscale-eng,Beetle-HumanScale/beetle-monolingual-humanscale-eng@step-9500,9500,Plaus,ses-5,2,14,60,-0.0450194900168302,-0.02660128493865541,-0.030067739122936452
beetle-humanscale-eng,Beetle-HumanScale/beetle-monolingual-humanscale-eng@step-9500,9500,Plaus,ses-7,2,14,60,-0.06497464705362703,-0.028069938245290884,-0.043786747915289366
beetle-humanscale-eng,Beetle-HumanScale/beetle-monolingual-humanscale-eng@step-9500,9500,Plaus,ses-9,2,14,60,-0.06031584619781492,-0.02859250683158121,-0.04069648976567565
beetle-humanscale-eng,Beetle-HumanScale/beetle-monolingual-humanscale-eng@step-9500,9500,Plaus,ses-5,3,14,60,-0.052248901800980456,-0.02801266180460492,-0.03499375624774442
beetle-humanscale-eng,Beetle-HumanScale/beetle-monolingual-humanscale-eng@step-9500,9500,Plaus,ses-7,3,14,60,-0.06553136107905821,-0.029054815541070277,-0.04431052048302051
beetle-humanscale-eng,Beetle-HumanScale/beetle-monolingual-humanscale-eng@step-9500,9500,Plaus,ses-9,3,14,60,-0.0627475420894216,-0.02959224562252368,-0.042530971246802274
beetle-humanscale-eng,Beetle-HumanScale/beetle-monolingual-humanscale-eng@step-9500,9500,Plaus,ses-5,4,14,60,-0.05172505709919693,-0.02995594740078778,-0.034655220319820636
beetle-humanscale-eng,Beetle-HumanScale/beetle-monolingual-humanscale-eng@step-9500,9500,Plaus,ses-7,4,14,60,-0.06249319381402965,-0.03100736396625086,-0.042461986567149876
beetle-humanscale-eng,Beetle-HumanScale/beetle-monolingual-humanscale-eng@step-9500,9500,Plaus,ses-9,4,14,60,-0.060686331018878006,-0.03156238514039476,-0.04092516120378266
beetle-humanscale-eng,Beetle-HumanScale/beetle-monolingual-humanscale-eng@step-9500,9500,Plaus,ses-5,5,14,60,-0.05162721735591178,-0.0321651384305797,-0.0343907790478198
beetle-humanscale-eng,Beetle-HumanScale/beetle-monolingual-humanscale-eng@step-9500,9500,Plaus,ses-7,5,14,60,-0.05905077217131666,-0.032619706490083736,-0.04023531440725872
beetle-humanscale-eng,Beetle-HumanScale/beetle-monolingual-humanscale-eng@step-9500,9500,Plaus,ses-9,5,14,60,-0.05833109433743128,-0.03356029461831091,-0.03938833584041544
beetle-humanscale-eng,Beetle-HumanScale/beetle-monolingual-humanscale-eng@step-9500,9500,Plaus,ses-5,6,14,60,-0.05199799215586543,-0.030644486444328885,-0.03465394282575301
beetle-humanscale-eng,Beetle-HumanScale/beetle-monolingual-humanscale-eng@step-9500,9500,Plaus,ses-7,6,14,60,-0.0657742573522944,-0.03193178272201177,-0.04479596822872254
beetle-humanscale-eng,Beetle-HumanScale/beetle-monolingual-humanscale-eng@step-9500,9500,Plaus,ses-9,6,14,60,-0.061365145633431054,-0.03225404513647301,-0.04154985580285712
beetle-humanscale-eng,Beetle-HumanScale/beetle-monolingual-humanscale-eng@step-9500,9500,Plaus,ses-5,7,14,60,-0.046048752776716946,-0.03139960948270562,-0.030770360860136754
beetle-humanscale-eng,Beetle-HumanScale/beetle-monolingual-humanscale-eng@step-9500,9500,Plaus,ses-7,7,14,60,-0.06096157725058474,-0.03274004258459933,-0.0416150080003066
beetle-humanscale-eng,Beetle-HumanScale/beetle-monolingual-humanscale-eng@step-9500,9500,Plaus,ses-9,7,14,60,-0.0555671497219062,-0.03330833624377584,-0.037735258516893265
beetle-humanscale-eng,Beetle-HumanScale/beetle-monolingual-humanscale-eng@step-9500,9500,Plaus,ses-5,8,14,60,-0.038735099960836086,-0.031247185976986502,-0.02572809177517382
beetle-humanscale-eng,Beetle-HumanScale/beetle-monolingual-humanscale-eng@step-9500,9500,Plaus,ses-7,8,14,60,-0.05375537243376595,-0.03291022525457618,-0.03650886421196182
beetle-humanscale-eng,Beetle-HumanScale/beetle-monolingual-humanscale-eng@step-9500,9500,Plaus,ses-9,8,14,60,-0.046664321696824905,-0.03291255856616902,-0.031630114367656406
beetle-humanscale-eng,Beetle-HumanScale/beetle-monolingual-humanscale-eng@step-9500,9500,Plaus,ses-5,9,14,60,-0.03545746856078354,-0.03275070846239249,-0.02335578529157205
beetle-humanscale-eng,Beetle-HumanScale/beetle-monolingual-humanscale-eng@step-9500,9500,Plaus,ses-7,9,14,60,-0.04836945600192763,-0.034374053560966025,-0.032746644182771074
beetle-humanscale-eng,Beetle-HumanScale/beetle-monolingual-humanscale-eng@step-9500,9500,Plaus,ses-9,9,14,60,-0.04253540099895889,-0.03402552889044331,-0.028302242321462223
beetle-humanscale-eng,Beetle-HumanScale/beetle-monolingual-humanscale-eng@step-9500,9500,Plaus,ses-5,10,14,60,-0.035681182946811045,-0.031251570419414815,-0.023608729116964162
beetle-humanscale-eng,Beetle-HumanScale/beetle-monolingual-humanscale-eng@step-9500,9500,Plaus,ses-7,10,14,60,-0.04898669771071026,-0.0328369906290769,-0.033196322094579275
beetle-humanscale-eng,Beetle-HumanScale/beetle-monolingual-humanscale-eng@step-9500,9500,Plaus,ses-9,10,14,60,-0.04076707077190721,-0.031950187172338884,-0.02697364849111982
beetle-humanscale-eng,Beetle-HumanScale/beetle-monolingual-humanscale-eng@step-9500,9500,Plaus,ses-5,11,14,60,-0.043394649568111884,-0.030195279495716317,-0.029375337338277234
beetle-humanscale-eng,Beetle-HumanScale/beetle-monolingual-humanscale-eng@step-9500,9500,Plaus,ses-7,11,14,60,-0.053088152646792335,-0.032017442644271185,-0.03673242567379828
beetle-humanscale-eng,Beetle-HumanScale/beetle-monolingual-humanscale-eng@step-9500,9500,Plaus,ses-9,11,14,60,-0.04805175166699045,-0.03108405436566717,-0.03259717737685756
beetle-humanscale-eng,Beetle-HumanScale/beetle-monolingual-humanscale-eng@step-9500,9500,Plaus,ses-5,12,14,60,-0.04584755287111806,-0.03371072610883853,-0.030955597499944112
beetle-humanscale-eng,Beetle-HumanScale/beetle-monolingual-humanscale-eng@step-9500,9500,Plaus,ses-7,12,14,60,-0.053101095659810756,-0.035861928298961454,-0.03636833986452175
beetle-humanscale-eng,Beetle-HumanScale/beetle-monolingual-humanscale-eng@step-9500,9500,Plaus,ses-9,12,14,60,-0.04721654970553861,-0.034295460273126833,-0.03225097648452795
beetle-humanscale-eng,Beetle-HumanScale/beetle-monolingual-humanscale-eng@step-9500,9500,Plaus,ses-5,13,14,60,-0.04883724388892617,-0.03639418288819194,-0.032938268292916614
beetle-humanscale-eng,Beetle-HumanScale/beetle-monolingual-humanscale-eng@step-9500,9500,Plaus,ses-7,13,14,60,-0.05630540784500344,-0.038569212051776804,-0.03820793132191892
beetle-humanscale-eng,Beetle-HumanScale/beetle-monolingual-humanscale-eng@step-9500,9500,Plaus,ses-9,13,14,60,-0.052122005740056404,-0.037630834927689996,-0.03539105690277951
