family,task,session,n_checkpoints,rsa_mean,rsa_sd,rsa_min,rsa_max,ceiling,seed_null_sd,frac_of_ceiling_max,mean_in_seed_sd
babylm-gpt2,Gram,ses-5,9,0.04483587086292399,0.006337421166503196,0.0339276805955664,0.0521599626784183,0.8398150343230842,0.0081285104156867,0.06210886986616139,5.515877887835152
babylm-gpt2,Gram,ses-7,9,0.035957430639611584,0.004832686596623478,0.0289605218139839,0.04490726602216,0.8473571253286221,0.0080555141424375,0.05299685891558894,4.463703992546316
babylm-gpt2,Gram,ses-9,9,0.008532723470697622,0.002534781071384317,0.0031746120711363,0.0125002985673511,0.8562953703310558,0.0061329615387372,0.014598115323826063,1.39128925182442
babylm-gpt2,Phon,ses-5,9,-0.009975426104793956,0.003499837762607984,-0.0158966998822122,-0.0053267419001232,0.8557220149626009,0.0089146943876321,-0.00622485083588273,-1.118986885140277
babylm-gpt2,Phon,ses-7,9,-0.005700753046438267,0.002635670741767339,-0.0099164701935062,-0.0016582502535081,0.8460260208123772,0.0081448036195669,-0.0019600463965822267,-0.6999251685753234
babylm-gpt2,Phon,ses-9,9,-0.010791226875412278,0.0032426995767571485,-0.0163720721746112,-0.0075881643877583,0.8734471064940128,0.008728626502912,-0.008687606074072344,-1.2363029706692301
babylm-gpt2,Plaus,ses-5,9,0.0016400899480615333,0.0038245216112683875,-0.0040756046164011,0.0080258723494204,0.8377735419584034,0.0058908227201663,0.009580002169391614,0.27841441271809875
babylm-gpt2,Plaus,ses-7,9,0.0033061312034772996,0.005995093673873181,-0.0029990579851798,0.0142792043678221,0.8460574663445363,0.0063089941228393,0.016877345731037188,0.5240345987181564
babylm-gpt2,Plaus,ses-9,9,0.010357537546124366,0.004916079342599828,0.0042607280057463,0.0178415106415679,0.8571028945001105,0.0059238995685712,0.020816066257685006,1.7484323335046894
babylm-gpt2,Sem,ses-5,9,-0.005871236647945545,0.0064383377108619315,-0.0150873357031451,0.0042551083336099,0.8591956418414916,0.0077235660279985,0.00495243239885393,-0.7601717427755361
babylm-gpt2,Sem,ses-7,9,-0.0028580461054756334,0.004760677565345708,-0.0112752337756904,0.0038158358723673,0.8546161144168992,0.0074296612798053,0.004464970655240719,-0.3846805389694065
babylm-gpt2,Sem,ses-9,9,0.0008707212363520222,0.005346964804925791,-0.0069148649888412,0.0078054712145238,0.8812943730411821,0.0084082983710845,0.008856826337820107,0.10355498793267928
babylm-gpt2-3,Gram,ses-5,9,0.03211086955280429,0.006141217938333877,0.0224554080497739,0.0410207070842021,0.8398150343230842,0.0081285104156867,0.04884493061887848,3.9504002468687918
babylm-gpt2-3,Gram,ses-7,9,0.019566187985034934,0.007483095679318599,0.0086046420827071,0.0334145889169711,0.8473571253286221,0.0080555141424375,0.03943389147050867,2.4289185816157532
babylm-gpt2-3,Gram,ses-9,9,-0.0025636662224453,0.0051535535087007065,-0.0108878536341937,0.0069749412415395,0.8562953703310558,0.0061329615387372,0.008145485171597844,-0.4180143974901184
babylm-gpt2-3,Phon,ses-5,9,-0.011334082532883732,0.00255305518247595,-0.0150977643037173,-0.0072267780218723,0.8557220149626009,0.0089146943876321,-0.008445240271384328,-1.2713932794609535
babylm-gpt2-3,Phon,ses-7,9,-0.009793154115659033,0.0025055273745118343,-0.0130022580341985,-0.0054722902967114,0.8460260208123772,0.0081448036195669,-0.006468229300390498,-1.2023806310237082
babylm-gpt2-3,Phon,ses-9,9,-0.01182228345400021,0.00288228382627805,-0.0149990131024062,-0.0068391397811584,0.8734471064940128,0.008728626502912,-0.007830056027789108,-1.3544265469551389
babylm-gpt2-3,Plaus,ses-5,9,0.0038227677898533996,0.004232608867481904,-0.0036879655963417,0.0120862541560778,0.8377735419584034,0.0058908227201663,0.014426636257603249,0.6489361455008242
babylm-gpt2-3,Plaus,ses-7,9,0.011740690688324356,0.004827666813659985,0.0036384679309396,0.0185572954006464,0.8460574663445363,0.0063089941228393,0.02193384744989579,1.8609449398314821
babylm-gpt2-3,Plaus,ses-9,9,0.016534431513688167,0.004439435957500855,0.008381304236433,0.0212464276264274,0.8571028945001105,0.0059238995685712,0.024788654621005556,2.791139742039237
babylm-gpt2-3,Sem,ses-5,9,-0.013951453435881389,0.0048299476785566425,-0.0229102945137911,-0.0087125079476129,0.8591956418414916,0.0077235660279985,-0.010140307426303523,-1.806348697649031
babylm-gpt2-3,Sem,ses-7,9,-0.015443935586657166,0.0025036676416277715,-0.0183619026290432,-0.0115639505023634,0.8546161144168992,0.0074296612798053,-0.01353116365030565,-2.0786863633522046
babylm-gpt2-3,Sem,ses-9,9,-0.011239466984569657,0.0027674926797570396,-0.0168544574709369,-0.0073753058133041,0.8812943730411821,0.0084082983710845,-0.008368719963402578,-1.3367112450744292
babylm-gpt2-5,Gram,ses-5,9,0.030787534054433477,0.006602104425483741,0.0225662708748756,0.0445559068237448,0.8398150343230842,0.0081285104156867,0.053054428657208046,3.7875985242042076
babylm-gpt2-5,Gram,ses-7,9,0.0168211150802933,0.007847159752729765,0.0058371549638697,0.0340734728928517,0.8473571253286221,0.0080555141424375,0.04021146677634572,2.0881491588075636
babylm-gpt2-5,Gram,ses-9,9,-0.004686428798990422,0.004839612990987803,-0.0106474546418508,0.0065008127713368,0.8562953703310558,0.0061329615387372,0.007591787829967472,-0.7641379730477448
babylm-gpt2-5,Phon,ses-5,9,-0.011901770073815146,0.004979086695002159,-0.0222311491483873,-0.0030686451817445,0.8557220149626009,0.0089146943876321,-0.0035860304258721384,-1.3350732572871142
babylm-gpt2-5,Phon,ses-7,9,-0.008507398642290278,0.0056883163944456494,-0.0172176985927544,0.0028143251589295,0.8460260208123772,0.0081448036195669,0.00332652316796014,-1.044518571553068
babylm-gpt2-5,Phon,ses-9,9,-0.012082836140231389,0.003756667748137986,-0.0200262783918731,-0.0057830348550642,0.8734471064940128,0.008728626502912,-0.006620933096083067,-1.3842769118601161
babylm-gpt2-5,Plaus,ses-5,9,0.005845584789677578,0.003160855530638572,0.0009024435217284,0.0093065727756856,0.8377735419584034,0.0058908227201663,0.011108697409959128,0.99232060908337
babylm-gpt2-5,Plaus,ses-7,9,0.011558736628793934,0.0036276282603815587,0.0049552404327781,0.015235420579567,0.8460574663445363,0.0063089941228393,0.01800754816973951,1.8321045167802499
babylm-gpt2-5,Plaus,ses-9,9,0.016614215863215955,0.003477153226098528,0.0110045744656891,0.0203867981894778,0.8571028945001105,0.0059238995685712,0.023785706850713677,2.804607956448387
babylm-gpt2-5,Sem,ses-5,9,-0.014283867155130078,0.004135599589511046,-0.0217740391235144,-0.0101055863110762,0.8591956418414916,0.0077235660279985,-0.011761682460838791,-1.8493875890165241
babylm-gpt2-5,Sem,ses-7,9,-0.015198829937652588,0.0021757201954744304,-0.0196944725445477,-0.0133484578223632,0.8546161144168992,0.0074296612798053,-0.015619244239819644,-2.0456962121496454
babylm-gpt2-5,Sem,ses-9,9,-0.0101209817674198,0.0032396602125803345,-0.0171153456724474,-0.006692251159924,0.8812943730411821,0.0084082983710845,-0.0075936615104329926,-1.2036896552369132
babylm-gpt2-7,Gram,ses-5,9,0.03225565509916523,0.005639759398548087,0.0238303970599256,0.0420292536655861,0.8398150343230842,0.0081285104156867,0.05004584574919277,3.968212310698043
babylm-gpt2-7,Gram,ses-7,9,0.019156371110124654,0.007729221381324491,0.0074344798783079,0.0358481999676684,0.8473571253286221,0.0080555141424375,0.04230589310707189,2.3780445011208395
babylm-gpt2-7,Gram,ses-9,9,-0.0034584285496061886,0.006331588837072391,-0.0138667396922959,0.0086605041355507,0.8562953703310558,0.0061329615387372,0.010113921475719795,-0.5639084034298856
babylm-gpt2-7,Phon,ses-5,9,-0.008503101858918722,0.0031359798642868093,-0.0145765821987029,-0.003481670798493,0.8557220149626009,0.0089146943876321,-0.0040686937318600664,-0.9538298778604899
babylm-gpt2-7,Phon,ses-7,9,-0.006289423946091711,0.002711136110558798,-0.0115484944424746,-0.0031868127528777,0.8460260208123772,0.0081448036195669,-0.003766802290333382,-0.7722008092352447
babylm-gpt2-7,Phon,ses-9,9,-0.008281886782182255,0.0037643496036913505,-0.0137488256820501,-0.0017048857594847,0.8734471064940128,0.008728626502912,-0.0019519049829222674,-0.9488190128675221
babylm-gpt2-7,Plaus,ses-5,9,0.002976414144350567,0.005798860464006537,-0.0081592712951665,0.0080703603048848,0.8377735419584034,0.0058908227201663,0.009633104771988019,0.5052628954799953
babylm-gpt2-7,Plaus,ses-7,9,0.009592553275726924,0.0059610391200610015,-0.0007067683632013,0.0156031527651913,0.8460574663445363,0.0063089941228393,0.018442190259966688,1.520456841289605
babylm-gpt2-7,Plaus,ses-9,9,0.014581321495827523,0.0061165321828438165,0.0043728221591221,0.0197299938383272,0.8571028945001105,0.0059238995685712,0.023019399380087683,2.4614396863153485
babylm-gpt2-7,Sem,ses-5,9,-0.013611514177585134,0.004947317459981401,-0.021042752192488,-0.0055837603377087,0.8591956418414916,0.0077235660279985,-0.006498822929014365,-1.7623354456014728
babylm-gpt2-7,Sem,ses-7,9,-0.013705793492000745,0.002917003028496785,-0.019529340339884,-0.0084981553640222,0.8546161144168992,0.0074296612798053,-0.009943827667958793,-1.844740019205817
babylm-gpt2-7,Sem,ses-9,9,-0.009690797841796234,0.003616648031551981,-0.0180143813003291,-0.0051595673799396,0.8812943730411821,0.0084082983710845,-0.005854533442821038,-1.1525278259775074
beetle-fineweb3-eng,Gram,ses-5,19,0.022113310180308942,0.014463578019702505,-0.0058223985007745,0.0524168255468762,0.8398150343230842,0.0081285104156867,0.06241472634402849,2.720462796926957
beetle-fineweb3-eng,Gram,ses-7,19,0.012930240108879588,0.017648839070824145,-0.016790291718818,0.047976491324781,0.8473571253286221,0.0080555141424375,0.05661897432699908,1.605141506829638
beetle-fineweb3-eng,Gram,ses-9,19,-0.003008566695964416,0.005909107673828446,-0.0154897104263765,0.0109780067728573,0.8562953703310558,0.0061329615387372,0.012820350492626215,-0.49055691560457615
beetle-fineweb3-eng,Phon,ses-5,19,0.011863786800797058,0.023191590867347504,-0.0255220646591129,0.0354318265431965,0.8557220149626009,0.0089146943876321,0.04140576720437073,1.3308125085315783
beetle-fineweb3-eng,Phon,ses-7,19,0.013837225023745911,0.020395594820541534,-0.0172613036819301,0.0343503787954528,0.8460260208123772,0.0081448036195669,0.04060203581264396,1.6989022289627291
beetle-fineweb3-eng,Phon,ses-9,19,0.01770939053610614,0.026580951865768362,-0.0222933930615046,0.0455520001036536,0.8734471064940128,0.008728626502912,0.05215198466510215,2.0288862778351238
beetle-fineweb3-eng,Plaus,ses-5,19,0.009142996321335006,0.013989812603664229,-0.0107940368070097,0.0258348242044362,0.8377735419584034,0.0058908227201663,0.030837479235789635,1.5520746007234956
beetle-fineweb3-eng,Plaus,ses-7,19,0.007973148925126522,0.011490673591740556,-0.0108464126211018,0.0282217226854938,0.8460574663445363,0.0063089941228393,0.03335674443891875,1.2637749805888683
beetle-fineweb3-eng,Plaus,ses-9,19,0.013158003037579528,0.011162008966655871,-0.0106337066128079,0.0278702812542588,0.8571028945001105,0.0059238995685712,0.03251684416549968,2.2211725376622375
beetle-fineweb3-eng,Sem,ses-5,19,-0.0016370552257364472,0.013189109879278575,-0.0312702084003692,0.0235495730466465,0.8591956418414916,0.0077235660279985,0.027408859984640186,-0.21195587890386391
beetle-fineweb3-eng,Sem,ses-7,19,-0.003380490967155447,0.011040696648521009,-0.0280570848458963,0.0278982189999005,0.8546161144168992,0.0074296612798053,0.03264415277137073,-0.45499933844144713
beetle-fineweb3-eng,Sem,ses-9,19,-0.0033749678497608997,0.011373815588585653,-0.0283688009772903,0.0292946734359581,0.8812943730411821,0.0084082983710845,0.03324050888339121,-0.40138535775171325
beetle-humanscale-eng,Gram,ses-5,18,0.0282872776314024,0.010782364558837862,0.0060129038117676,0.0510191987070663,0.8398150343230842,0.0081285104156867,0.06075051841408065,3.4800075517911084
beetle-humanscale-eng,Gram,ses-7,18,0.0276246750248982,0.01230588244208415,0.0023066576432016,0.0493542329703715,0.8473571253286221,0.0080555141424375,0.05824490229102746,3.4292876328486352
beetle-humanscale-eng,Gram,ses-9,18,0.0011344322846809833,0.006707283043052848,-0.010284829547135,0.0146154197432809,0.8562953703310558,0.0061329615387372,0.017068198952927157,0.1849729983655771
beetle-humanscale-eng,Phon,ses-5,18,0.006374655127251783,0.016436416367285392,-0.0257602294056418,0.0440750826040993,0.8557220149626009,0.0089146943876321,0.051506309097383206,0.7150727607775013
beetle-humanscale-eng,Phon,ses-7,18,0.007753866976381583,0.014124618438685102,-0.025664448257126,0.0310522332578283,0.8460260208123772,0.0081448036195669,0.036703638533494634,0.9520017103609301
beetle-humanscale-eng,Phon,ses-9,18,0.009268212434983596,0.01625317422593291,-0.0234423399839412,0.0406638738469033,0.8734471064940128,0.008728626502912,0.04655562259531286,1.0618179655059798
beetle-humanscale-eng,Plaus,ses-5,18,-0.003967692795382266,0.00646760631695876,-0.0164291013704039,0.0077028207171804,0.8377735419584034,0.0058908227201663,0.009194394823181054,-0.6735379731933703
beetle-humanscale-eng,Plaus,ses-7,18,-0.006910249018897322,0.005094171841964679,-0.0156933816446099,0.0066843542609133,0.8460574663445363,0.0063089941228393,0.007900591303559586,-1.0953012293800384
beetle-humanscale-eng,Plaus,ses-9,18,-0.0027756641147916776,0.005498535759737685,-0.0118818709747474,0.0100280402554105,0.8571028945001105,0.0059238995685712,0.011699925784592257,-0.4685535402250492
beetle-humanscale-eng,Sem,ses-5,18,-0.005614455514360634,0.00665546575639259,-0.0182990716041103,0.0088074806496263,0.8591956418414916,0.0077235660279985,0.010250844185789231,-0.7269252951302309
beetle-humanscale-eng,Sem,ses-7,18,-0.0027086847158723664,0.008757566684274971,-0.0151271651674996,0.0167346615088929,0.8546161144168992,0.0074296612798053,0.01958149539493634,-0.36457714744478226
beetle-humanscale-eng,Sem,ses-9,18,-0.0049291369712339056,0.011133576919484838,-0.0159825497145822,0.0249829249810763,0.8812943730411821,0.0084082983710845,0.028347991029223186,-0.5862228900183697
pico-decoder-large,Gram,ses-5,21,0.025656385477725127,0.016851012226629283,-0.009585021759318,0.0482932586383778,0.8398150343230842,0.0081285104156867,0.05750463693151623,3.1563452792300644
pico-decoder-large,Gram,ses-7,21,0.02467648971755705,0.015441771883763599,-0.0064555652443009,0.0521799214493712,0.8473571253286221,0.0080555141424375,0.061579610166297684,3.0633041269902415
pico-decoder-large,Gram,ses-9,21,-0.0031172482903708567,0.01037183818763402,-0.0185735277264533,0.0139531274334253,0.8562953703310558,0.0061329615387372,0.01629475986543151,-0.5082778149971424
pico-decoder-large,Phon,ses-5,21,-0.006582070834915271,0.008882515160471484,-0.0255794241181171,0.0095868633206675,0.8557220149626009,0.0089146943876321,0.011203244924213492,-0.7383394818387694
pico-decoder-large,Phon,ses-7,21,-0.0062221915501896475,0.007424570672806328,-0.0225603579062372,0.0057027651001089,0.8460260208123772,0.0081448036195669,0.006740649767052022,-0.7639461724088213
pico-decoder-large,Phon,ses-9,21,-0.007652715513088852,0.010060085530750646,-0.0277986428238474,0.0159171410028899,0.8734471064940128,0.008728626502912,0.018223359931640013,-0.8767376528868307
pico-decoder-large,Plaus,ses-5,21,-0.007411817626120595,0.007230296086558817,-0.0181480204929164,0.0116298252183074,0.8377735419584034,0.0058908227201663,0.013881824426110651,-1.2581973653268175
pico-decoder-large,Plaus,ses-7,21,-0.008463855682559624,0.0056268178794478705,-0.0195684323158513,0.0038098735875437,0.8460574663445363,0.0063089941228393,0.004503090793589453,-1.3415539019000624
pico-decoder-large,Plaus,ses-9,21,0.0013313313691545197,0.006073508437959634,-0.0132722418502284,0.0113324756702706,0.8571028945001105,0.0059238995685712,0.0132218380581716,0.2247390175582647
pico-decoder-large,Sem,ses-5,21,-0.00386925271315641,0.009432584382202408,-0.0206069441939907,0.0111192689950551,0.8591956418414916,0.0077235660279985,0.012941486727310979,-0.5009671308732367
pico-decoder-large,Sem,ses-7,21,-0.007619278987026104,0.009403543463698831,-0.0268900107563268,0.011166040320044,0.8546161144168992,0.0074296612798053,0.013065562574446118,-1.0255217162774577
pico-decoder-large,Sem,ses-9,21,-0.004266545978077,0.008006383709703595,-0.0188178118413777,0.0113454478933934,0.8812943730411821,0.0084082983710845,0.012873618895627782,-0.5074208585115542
pico-decoder-medium,Gram,ses-5,21,0.02548786889296741,0.013963073442059104,-0.0019665665051085,0.0479844873844873,0.8398150343230842,0.0081285104156867,0.057136971146467055,3.13561373357903
pico-decoder-medium,Gram,ses-7,21,0.024305027583132858,0.011274169407764361,0.0054966916140663,0.043940357379831,0.8473571253286221,0.0080555141424375,0.05185577139366126,3.0171913491022004
pico-decoder-medium,Gram,ses-9,21,-0.0016757170595803148,0.0062247850509649545,-0.0124578231519481,0.0126807217018432,0.8562953703310558,0.0061329615387372,0.014808817309079524,-0.2732313008969809
pico-decoder-medium,Phon,ses-5,21,-0.005869640811621324,0.015304724906876102,-0.0236956445979491,0.0376717601634867,0.8557220149626009,0.0089146943876321,0.044023362148901984,-0.6584231109217422
pico-decoder-medium,Phon,ses-7,21,-0.004743005609634347,0.018114808124735753,-0.0222501702776971,0.0563117827617582,0.8460260208123772,0.0081448036195669,0.06656034374413933,-0.5823351711316713
pico-decoder-medium,Phon,ses-9,21,-0.004065755037512566,0.0155121933350351,-0.0224740970237343,0.0377443794993618,0.8734471064940128,0.008728626502912,0.04321312557879603,-0.4657955104570197
pico-decoder-medium,Plaus,ses-5,21,-0.008250054267156038,0.009074558752245403,-0.0215238616839428,0.0147136511744705,0.8377735419584034,0.0058908227201663,0.0175628024013213,-1.4004927085843684
pico-decoder-medium,Plaus,ses-7,21,-0.0047146949052602905,0.006817631135783908,-0.0153378718528208,0.0084916325482066,0.8460574663445363,0.0063089941228393,0.01003670895417474,-0.7472974001025838
pico-decoder-medium,Plaus,ses-9,21,0.0037106924600303335,0.006748833794424971,-0.0066791043445811,0.017155909655367,0.8571028945001105,0.0059238995685712,0.020016161146408064,0.6263935465275493
pico-decoder-medium,Sem,ses-5,21,-0.0034668269336488237,0.007484749975790611,-0.0214399437556941,0.0056281853712927,0.8591956418414916,0.0077235660279985,0.0065505283048572695,-0.4488635069709146
pico-decoder-medium,Sem,ses-7,21,-0.007726682533561057,0.0069394468951094095,-0.0266763006182233,0.0016985805953846,0.8546161144168992,0.0074296612798053,0.0019875363531420584,-1.039977765145646
pico-decoder-medium,Sem,ses-9,21,-0.0034856676553412904,0.008264764862705453,-0.0215388566463057,0.0103392683115764,0.8812943730411821,0.0084082983710845,0.011731912318806166,-0.41455089977875154
pico-decoder-small,Gram,ses-5,21,0.029365141086924732,0.010315591481480958,0.0124113118363145,0.0490557343268803,0.8398150343230842,0.0081285104156867,0.05841254600356217,3.612610378188702
pico-decoder-small,Gram,ses-7,21,0.022979232141828204,0.010163744488310906,0.00510080767182,0.045478329674631,0.8473571253286221,0.0080555141424375,0.05367079394888383,2.8526089999359083
pico-decoder-small,Gram,ses-9,21,-0.0014906993981462571,0.0068067425796943274,-0.0141902327849365,0.0093849081925479,0.8562953703310558,0.0061329615387372,0.0109598959864977,-0.2430635491076629
pico-decoder-small,Phon,ses-5,21,-0.01596884865944794,0.009636117580340183,-0.0342549411468732,0.0066305339946167,0.8557220149626009,0.0089146943876321,0.007748467234311466,-1.7912951319567947
pico-decoder-small,Phon,ses-7,21,-0.01213114305160561,0.011093927297512253,-0.0287111920841546,0.0101988185175972,0.8460260208123772,0.0081448036195669,0.012054970257066108,-1.489433461902263
pico-decoder-small,Phon,ses-9,21,-0.014201984225738595,0.008481366615773455,-0.025829246303902,0.00450328919334,0.8734471064940128,0.008728626502912,0.005155766342184189,-1.6270583030446544
pico-decoder-small,Plaus,ses-5,21,-0.008243178037088662,0.011642699079342341,-0.0233936044538939,0.0218749070992302,0.8377735419584034,0.0058908227201663,0.02611076383254452,-1.3993254301932132
pico-decoder-small,Plaus,ses-7,21,-0.006097980568019371,0.010757961737473518,-0.0260763658001688,0.0145844958750259,0.8460574663445363,0.0063089941228393,0.017238185885929787,-0.9665535344127149
pico-decoder-small,Plaus,ses-9,21,0.0017198067320269334,0.010264880881779063,-0.0182723110718685,0.0198287100103488,0.8571028945001105,0.0059238995685712,0.023134573617224256,0.29031665917350075
pico-decoder-small,Sem,ses-5,21,-0.005199123187291771,0.014063041127848546,-0.0353644028235105,0.026516232522451,0.8591956418414916,0.0077235660279985,0.03086169346206116,-0.6731506105398158
pico-decoder-small,Sem,ses-7,21,-0.007459872876337009,0.012418202298434135,-0.0316979527737963,0.0180500262455869,0.8546161144168992,0.0074296612798053,0.02112062473558944,-1.0040663491098616
pico-decoder-small,Sem,ses-9,21,-0.005846083792688305,0.012399141003126033,-0.0332030868528342,0.0239559600600263,0.8812943730411821,0.0084082983710845,0.027182699439415186,-0.6952754926957092
pico-decoder-tiny,Gram,ses-5,21,0.031030899886001124,0.011985316546953804,0.0024221017019699,0.0513703847837559,0.8398150343230842,0.0081285104156867,0.061168689156847436,3.8175383064179313
pico-decoder-tiny,Gram,ses-7,21,0.027360844608097564,0.011004954906748458,0.0002900535493088,0.0421953899296639,0.8473571253286221,0.0080555141424375,0.04979646558503852,3.3965361023894256
pico-decoder-tiny,Gram,ses-9,21,0.0011600559660392142,0.006523524238951262,-0.0204793815243661,0.0108888252798792,0.8562953703310558,0.0061329615387372,0.012716202442703183,0.18915102576659468
pico-decoder-tiny,Phon,ses-5,21,-0.00967527273743932,0.008701114404121918,-0.0220494772062119,0.0081937547752015,0.8557220149626009,0.0089146943876321,0.009575252981611798,-1.0853173778859335
pico-decoder-tiny,Phon,ses-7,21,-0.00777242979209362,0.010824300359997516,-0.0239852912177547,0.01619861476752,0.8460260208123772,0.0081448036195669,0.019146709875383795,-0.9542808095975822
pico-decoder-tiny,Phon,ses-9,21,-0.011452204990705976,0.008868972136319077,-0.0240529384279849,0.0130194531523414,0.8734471064940128,0.008728626502912,0.014905828934050793,-1.3120282998574118
pico-decoder-tiny,Plaus,ses-5,21,-0.0016031109413525524,0.0054081526460592975,-0.0102401295175566,0.0064829011647905,0.8377735419584034,0.0058908227201663,0.007738250064135333,-0.27213702015926494
pico-decoder-tiny,Plaus,ses-7,21,-0.0007242210941258524,0.007346014444236206,-0.0133194478167865,0.0135898120158282,0.8460574663445363,0.0063089941228393,0.016062516503215964,-0.11479184795942145
pico-decoder-tiny,Plaus,ses-9,21,0.006062196101217758,0.007380198534730301,-0.0073911107219959,0.0200113231346711,0.8571028945001105,0.0059238995685712,0.023347632195714774,1.023345522834364
pico-decoder-tiny,Sem,ses-5,21,-0.0066833880882001,0.008622794644562256,-0.0271363282366961,0.0064740395916948,0.8591956418414916,0.0077235660279985,0.007535000500955941,-0.8653241344700522
pico-decoder-tiny,Sem,ses-7,21,-0.009061086570362467,0.009176711556346518,-0.0312849099101891,0.0073861943301088,0.8546161144168992,0.0074296612798053,0.00864270425692636,-1.2195827278144662
pico-decoder-tiny,Sem,ses-9,21,-0.005855534592186962,0.009844530338520908,-0.0285351720813053,0.0100916587540414,0.8812943730411821,0.0084082983710845,0.011450951081438286,-0.6963994774880612
pythia-1.4b-full,Gram,ses-5,18,0.024102029976725264,0.005745413886896347,0.0148164465271541,0.042646185919284,0.8398150343230842,0.0081285104156867,0.050780450666328074,2.965122604777903
pythia-1.4b-full,Gram,ses-7,18,0.018687207266076995,0.006436755827452594,0.0064088418545532,0.0381099747214689,0.8473571253286221,0.0080555141424375,0.04497510386389811,2.319803172789474
pythia-1.4b-full,Gram,ses-9,18,-0.0036846658241156444,0.003928199149404628,-0.0091312004675411,0.0037194672583563,0.8562953703310558,0.0061329615387372,0.00434367320813413,-0.600797151725548
pythia-1.4b-full,Phon,ses-5,18,-0.022420692165633832,0.018520120710269126,-0.0481423704904005,0.0007045255552472,0.8557220149626009,0.0089146943876321,0.0008233112423524491,-2.5150264485498712
pythia-1.4b-full,Phon,ses-7,18,-0.01980650881748301,0.018315807499659734,-0.0462133977328163,1.924318261587353e-05,0.8460260208123772,0.0081448036195669,2.274537915204511e-05,-2.431796976651503
pythia-1.4b-full,Phon,ses-9,18,-0.01911243964941365,0.017199316897205975,-0.0437695250385062,0.002089057381596,0.8734471064940128,0.008728626502912,0.0023917388540920423,-2.189627387887138
pythia-1.4b-full,Plaus,ses-5,18,9.528764051198867e-05,0.013186877717603235,-0.0143440730784458,0.0259927523346939,0.8377735419584034,0.0058908227201663,0.031025988567187857,0.01617560823648393
pythia-1.4b-full,Plaus,ses-7,18,-0.005914936631656612,0.00962181502565069,-0.0175857038156369,0.0176331434965246,0.8460574663445363,0.0063089941228393,0.020841543509698114,-0.9375403616630179
pythia-1.4b-full,Plaus,ses-9,18,0.000786830909724461,0.0073757413044593075,-0.0082174878034797,0.0194526809660198,0.8571028945001105,0.0059238995685712,0.02269585261098111,0.1328231345951462
pythia-1.4b-full,Sem,ses-5,18,-0.0022651283265557893,0.008746489550926188,-0.0118417219413217,0.0183969698045339,0.8591956418414916,0.0077235660279985,0.021411851863103213,-0.2932749352235135
pythia-1.4b-full,Sem,ses-7,18,-0.004341261982171711,0.004806076149236916,-0.0111341020121726,0.00713434923152,0.8546161144168992,0.0074296612798053,0.008348016274403782,-0.5843149261692152
pythia-1.4b-full,Sem,ses-9,18,0.0038298182440711886,0.005117573748869675,-0.0044285571172717,0.0137070976259982,0.8812943730411821,0.0084082983710845,0.015553370185148883,0.45548077328483527
pythia-160m-full,Gram,ses-5,18,0.026332020182802455,0.00814414209112048,0.0081638525288331,0.0422797478185594,0.8398150343230842,0.0081285104156867,0.05034411875305153,3.2394644081387836
pythia-160m-full,Gram,ses-7,18,0.021682762421673267,0.012264240411725363,0.0009042677919131,0.0406853270210699,0.8473571253286221,0.0080555141424375,0.04801438001160528,2.6916671038345825
pythia-160m-full,Gram,ses-9,18,-0.0036728261014284114,0.00818967690775384,-0.0201904413641557,0.005957405314548,0.8562953703310558,0.0061329615387372,0.006957185009939717,-0.598866645132208
pythia-160m-full,Phon,ses-5,18,-0.008500979616984022,0.0067419189408160106,-0.0235656004087304,0.0015932022886107,0.8557220149626009,0.0089146943876321,0.0018618222515641722,-0.9535918167624399
pythia-160m-full,Phon,ses-7,18,-0.007759562671627005,0.0077158186655976665,-0.0219427780775078,0.0048230746987572,0.8460260208123772,0.0081448036195669,0.005700858578942941,-0.9527010145444882
pythia-160m-full,Phon,ses-9,18,-0.007654010778413939,0.006694852463876404,-0.024705109706352,0.0016985813140037,0.8734471064940128,0.008728626502912,0.0019446870925266993,-0.8768860456866205
pythia-160m-full,Plaus,ses-5,18,-0.010086585574779199,0.00785171974046728,-0.0204515154185914,0.0073198711318662,0.8377735419584034,0.0058908227201663,0.008737290885022533,-1.7122541373124958
pythia-160m-full,Plaus,ses-7,18,-0.010616335650984162,0.007407462309908665,-0.0177374666484376,0.0062471851151281,0.8460574663445363,0.0063089941228393,0.007383878003133284,-1.682730312357049
pythia-160m-full,Plaus,ses-9,18,-0.0008521901319042277,0.00676505593127617,-0.0094543062003205,0.0135294704383319,0.8571028945001105,0.0059238995685712,0.0157851181289298,-0.14385627609648513
pythia-160m-full,Sem,ses-5,18,-0.001908078866941763,0.004989846944098787,-0.0109317338395343,0.0108910025081926,0.8591956418414916,0.0077235660279985,0.012675812094263186,-0.247046359159077
pythia-160m-full,Sem,ses-7,18,-0.002180965452554189,0.007958458665836925,-0.0163973603812081,0.01258106315537,0.8546161144168992,0.0074296612798053,0.014721303452081527,-0.2935484365192141
pythia-160m-full,Sem,ses-9,18,0.0008926185987396055,0.0072631675750628975,-0.0103332850888391,0.0138153008245065,0.8812943730411821,0.0084082983710845,0.015676147774361115,0.10615924404029871
pythia-1b-full,Gram,ses-5,18,0.027090084753778568,0.011554512582396387,0.0116055643724707,0.0465856292164033,0.8398150343230842,0.0081285104156867,0.05547129702667528,3.3327243699533335
pythia-1b-full,Gram,ses-7,18,0.023456928654232705,0.008661038429930165,0.0073499553597515,0.0389816945469377,0.8473571253286221,0.0080555141424375,0.04600385525975228,2.9119095615087485
pythia-1b-full,Gram,ses-9,18,-0.0030854231243061386,0.004720842684925425,-0.0120921229825793,0.0069633658901542,0.8562953703310558,0.0061329615387372,0.008131967229324228,-0.503088614663225
pythia-1b-full,Phon,ses-5,18,-0.01574909599542032,0.010518159170127335,-0.0367408487475965,-0.0001445372994957,0.8557220149626009,0.0089146943876321,-0.0001689068376977738,-1.766644520901356
pythia-1b-full,Phon,ses-7,18,-0.013729287506288178,0.00961647613212123,-0.0352605458333994,0.0026099168266285,0.8460260208123772,0.0081448036195669,0.0030849131852024913,-1.6856499122096982
pythia-1b-full,Phon,ses-9,18,-0.01597737992875789,0.012679582840808222,-0.033110075262381,0.0041944238239684,0.8734471064940128,0.008728626502912,0.00480214977276034,-1.8304575093719038
pythia-1b-full,Plaus,ses-5,18,-0.00018307862940700014,0.01409402630112351,-0.01575730900585,0.036405926755195,0.8377735419584034,0.0058908227201663,0.04345556995043251,-0.031078618064716054
pythia-1b-full,Plaus,ses-7,18,-0.004440588494629811,0.009319824414568927,-0.0158111455345028,0.0245749070413426,0.8460574663445363,0.0063089941228393,0.02904638043975971,-0.7038504725427399
pythia-1b-full,Plaus,ses-9,18,0.0025726945204411237,0.00841443674469553,-0.0080910743193661,0.0279621591181149,0.8571028945001105,0.0059238995685712,0.03262404000446564,0.434290705077169
pythia-1b-full,Sem,ses-5,18,0.0053673485510488,0.009423522234359357,-0.0104252791146279,0.0216326831508333,0.8591956418414916,0.0077235660279985,0.025177831564029512,0.6949313997694542
pythia-1b-full,Sem,ses-7,18,-7.58560762079946e-05,0.007182503613629986,-0.0105025816912644,0.0117942090014079,0.8546161144168992,0.0074296612798053,0.013800592807046513,-0.010209896972582101
pythia-1b-full,Sem,ses-9,18,0.009725963987108146,0.009421830162910696,-0.0055288995173613,0.0254204885660674,0.8812943730411821,0.0084082983710845,0.028844492083100505,1.1567101401342985
pythia-410m-full,Gram,ses-5,18,0.027930535309104935,0.01224517736398354,0.0056202745579646,0.0434761401284252,0.8398150343230842,0.0081285104156867,0.051768709003248856,3.436119766200158
pythia-410m-full,Gram,ses-7,18,0.01976365050515662,0.009043354490361913,0.0021103397702677,0.0371564959970118,0.8473571253286221,0.0080555141424375,0.04384986552464731,2.45343129633888
pythia-410m-full,Gram,ses-9,18,-0.002847408282617883,0.009263241518268028,-0.01728718353193,0.011051351955976,0.8562953703310558,0.0061329615387372,0.01290600456207464,-0.4642794944388605
pythia-410m-full,Phon,ses-5,18,-0.002696667128670889,0.010700446520387541,-0.0179741831843695,0.0271309659008727,0.8557220149626009,0.0089146943876321,0.03170534989924088,-0.30249686768983797
pythia-410m-full,Phon,ses-7,18,-0.004516660978337228,0.008297340031107448,-0.0186953763913305,0.0135910032710068,0.8460260208123772,0.0081448036195669,0.01606452158286615,-0.5545451049901926
pythia-410m-full,Phon,ses-9,18,0.0002600552421116723,0.011805223307876114,-0.0186546098476523,0.0223297480024463,0.8734471064940128,0.008728626502912,0.025565083261970097,0.029793374939907673
pythia-410m-full,Plaus,ses-5,18,-0.0052725112420605,0.01716566785413918,-0.0260819662879955,0.0167706726992519,0.8377735419584034,0.0058908227201663,0.020018145548077702,-0.895038179304037
pythia-410m-full,Plaus,ses-7,18,-0.008956226219142395,0.014689687510861244,-0.0284699294676662,0.0136227700643603,0.8460574663445363,0.0063089941228393,0.016101471361299656,-1.4195965386494502
pythia-410m-full,Plaus,ses-9,18,-0.001248335680313906,0.01565841960665756,-0.0207073352286519,0.020107109221485,0.8571028945001105,0.0059238995685712,0.02345938784072372,-0.21072870427055454
pythia-410m-full,Sem,ses-5,18,-0.003091687743535683,0.0057939528724071055,-0.0141490613158201,0.0094975942985564,0.8591956418414916,0.0077235660279985,0.011054053158603614,-0.40029278345366454
pythia-410m-full,Sem,ses-7,18,-0.002989124906601128,0.005506937880346698,-0.0134002688231937,0.0044212983456083,0.8546161144168992,0.0074296612798053,0.005173431990133878,-0.4023231738337687
pythia-410m-full,Sem,ses-9,18,0.0007034736565585,0.007602238732588138,-0.0138259744741963,0.0118122463411516,0.8812943730411821,0.0084082983710845,0.013403292591543218,0.0836642118906832
pythia-70m-full,Gram,ses-5,18,0.026636826949174207,0.00862875741746612,0.0172066083527413,0.0555070937952573,0.8398150343230842,0.0081285104156867,0.06609442737590147,3.2769628858160127
pythia-70m-full,Gram,ses-7,18,0.01913344690827854,0.00895168650449993,0.003707376869837,0.0426927881238236,0.8473571253286221,0.0080555141424375,0.05038346506765548,2.3751987235030776
pythia-70m-full,Gram,ses-9,18,-0.0031390168016491777,0.005083237575968283,-0.0110047475874148,0.0092476399762323,0.8562953703310558,0.0061329615387372,0.010799591235273211,-0.5118272439542337
pythia-70m-full,Phon,ses-5,18,-0.014918390425619673,0.010203845535881407,-0.0261994192256863,0.002105098397443,0.8557220149626009,0.0089146943876321,0.0024600259904906186,-1.6734606680759427
pythia-70m-full,Phon,ses-7,18,-0.010389341292158145,0.01038514971596232,-0.0222565537712805,0.012409243481238,0.8460260208123772,0.0081448036195669,0.014667685361878475,-1.2755791026316479
pythia-70m-full,Phon,ses-9,18,-0.014278902974218716,0.00906999359576426,-0.0256485380299576,0.0007706830680556,0.8734471064940128,0.008728626502912,0.0008823465809499281,-1.6358705426856173
pythia-70m-full,Plaus,ses-5,18,0.0009272511436822502,0.010772225797573086,-0.0178451115734627,0.0140110150104597,0.8377735419584034,0.0058908227201663,0.016724107779421096,0.1574060513666372
pythia-70m-full,Plaus,ses-7,18,0.0016527104016424165,0.010247919032268843,-0.017918777031774,0.0124620321739044,0.8460574663445363,0.0063089941228393,0.014729533949682728,0.26196099876831563
pythia-70m-full,Plaus,ses-9,18,0.008702157583426828,0.009219371147703638,-0.0133301272632412,0.0181586393467671,0.8571028945001105,0.0059238995685712,0.021186066997659354,1.4689914105896502
pythia-70m-full,Sem,ses-5,18,-0.0050235942636499,0.010527742679337372,-0.0270094323178127,0.0191835235757067,0.8591956418414916,0.0077235660279985,0.022327305495394686,-0.6504242011318344
pythia-70m-full,Sem,ses-7,18,-0.006873243527957834,0.013223185964755742,-0.0274417571694679,0.0252378213364202,0.8546161144168992,0.0074296612798053,0.029531178865776306,-0.9251085977015028
pythia-70m-full,Sem,ses-9,18,-0.0041516003927714725,0.01330430152395307,-0.0261970377219449,0.0358606819017727,0.8812943730411821,0.0084082983710845,0.04069092348567277,-0.49375036535912087
