dataset,family,model_ref,step,tokens,task,session,n_stim,rsa,rsa_pearson,rsa_kendall,rsa_lo,rsa_hi
ds003604,beetle-fineweb3-eng,Beetle-FineWeb3-24B/beetle-monolingual-fineweb3-eng@step-0,0,,Gram,ses-5,60,-0.023148184931505555,-0.03134624767748134,-0.0156869884035476,-0.07117645371485022,0.019917830835205683
ds003604,beetle-fineweb3-eng,Beetle-FineWeb3-24B/beetle-monolingual-fineweb3-eng@step-1,1,,Gram,ses-5,60,-0.023148184931505555,-0.03134624767748134,-0.0156869884035476,-0.06916330811493279,0.02146349099042454
ds003604,beetle-fineweb3-eng,Beetle-FineWeb3-24B/beetle-monolingual-fineweb3-eng@step-2,2,,Gram,ses-5,60,-0.023148184931505555,-0.03134624767748134,-0.0156869884035476,-0.06997560725266574,0.024386714797448607
ds003604,beetle-fineweb3-eng,Beetle-FineWeb3-24B/beetle-monolingual-fineweb3-eng@step-4,4,,Gram,ses-5,60,-0.023167777982812814,-0.03134914276259731,-0.015679323439141777,-0.0658818168344719,0.025610247721697718
ds003604,beetle-fineweb3-eng,Beetle-FineWeb3-24B/beetle-monolingual-fineweb3-eng@step-6,6,,Gram,ses-5,60,-0.023113564914406647,-0.03135019432258198,-0.01564483109931558,-0.07061769454319783,0.024511095340724046
ds003604,beetle-fineweb3-eng,Beetle-FineWeb3-24B/beetle-monolingual-fineweb3-eng@step-8,8,,Gram,ses-5,60,-0.02318904382279475,-0.031352338269495544,-0.015707428308629794,-0.07045921763660888,0.021531422730542045
ds003604,beetle-fineweb3-eng,Beetle-FineWeb3-24B/beetle-monolingual-fineweb3-eng@step-16,16,,Gram,ses-5,60,-0.02330001484897502,-0.03136133286763335,-0.01576236055353818,-0.07103511262201367,0.023274743368500737
ds003604,beetle-fineweb3-eng,Beetle-FineWeb3-24B/beetle-monolingual-fineweb3-eng@step-32,32,,Gram,ses-5,60,-0.023908485778328856,-0.0314161560910812,-0.016034466789944843,-0.07153990361888797,0.025878872469948445
ds003604,beetle-fineweb3-eng,Beetle-FineWeb3-24B/beetle-monolingual-fineweb3-eng@step-64,64,,Gram,ses-5,60,-0.032790437487311065,-0.03006038794370185,-0.021438266696049032,-0.07883135528152246,0.012327127645284526
ds003604,beetle-fineweb3-eng,Beetle-FineWeb3-24B/beetle-monolingual-fineweb3-eng@step-128,128,,Gram,ses-5,60,-0.016181030921590626,-0.013687787893690111,-0.010819736005850922,-0.058720383013929,0.030596268160331685
ds003604,beetle-fineweb3-eng,Beetle-FineWeb3-24B/beetle-monolingual-fineweb3-eng@step-256,256,,Gram,ses-5,60,0.019287319421664586,0.020573451993676536,0.013148607691153034,-0.027101311051037705,0.06506352962055395
ds003604,beetle-fineweb3-eng,Beetle-FineWeb3-24B/beetle-monolingual-fineweb3-eng@step-512,512,,Gram,ses-5,60,-0.016010118661904747,-0.017596575901712527,-0.010379000552516185,-0.06351674905065084,0.031534654154079765
ds003604,beetle-fineweb3-eng,Beetle-FineWeb3-24B/beetle-monolingual-fineweb3-eng@step-1024,1024,,Gram,ses-5,60,-0.02250852612326502,-0.03365397616180316,-0.015202818151913206,-0.07039664574237425,0.02548292841095608
ds003604,beetle-fineweb3-eng,Beetle-FineWeb3-24B/beetle-monolingual-fineweb3-eng@step-2048,2048,,Gram,ses-5,60,-0.017872646583936953,-0.03813688933922327,-0.012334843970068315,-0.06685231558692015,0.029337608620880293
ds003604,beetle-fineweb3-eng,Beetle-FineWeb3-24B/beetle-monolingual-fineweb3-eng@step-4096,4096,,Gram,ses-5,60,-0.014081148785566515,-0.025275991534886313,-0.009655938910233685,-0.06030340322598153,0.03268336111548682
ds003604,beetle-fineweb3-eng,Beetle-FineWeb3-24B/beetle-monolingual-fineweb3-eng@step-8192,8192,,Gram,ses-5,60,-0.003298565062723273,-0.021032055080173168,-0.0020701791366056345,-0.04870929620344496,0.04310751985447726
ds003604,beetle-fineweb3-eng,Beetle-FineWeb3-24B/beetle-monolingual-fineweb3-eng@step-16384,16384,,Gram,ses-5,60,0.0017324691435815925,-0.013610048827649102,0.0010520163646990065,-0.04575722039616229,0.04835558679995542
ds003604,beetle-fineweb3-eng,Beetle-FineWeb3-24B/beetle-monolingual-fineweb3-eng@step-32768,32768,,Gram,ses-5,60,-0.017477078588840022,-0.02778297828495687,-0.011399718312558087,-0.06807490735314664,0.029973166873176842
ds003604,beetle-fineweb3-eng,Beetle-FineWeb3-24B/beetle-monolingual-fineweb3-eng@step-65536,65536,,Gram,ses-5,60,-0.02294544424254785,-0.03154792976400413,-0.015421269637479121,-0.06926739292338192,0.02563612787033004
ds003604,beetle-fineweb3-eng,Beetle-FineWeb3-24B/beetle-monolingual-fineweb3-eng@step-0,0,,Gram,ses-7,60,-0.044784862470018234,-0.029195622286020913,-0.029611673740790063,-0.08955855189617021,-0.0013174240862008828
ds003604,beetle-fineweb3-eng,Beetle-FineWeb3-24B/beetle-monolingual-fineweb3-eng@step-1,1,,Gram,ses-7,60,-0.044784862470018234,-0.029195622286020913,-0.029611673740790063,-0.09096707364680649,-0.0010664250936006777
ds003604,beetle-fineweb3-eng,Beetle-FineWeb3-24B/beetle-monolingual-fineweb3-eng@step-2,2,,Gram,ses-7,60,-0.044784862470018234,-0.029195622286020913,-0.029611673740790063,-0.09187544893564943,0.0014154919976012816
ds003604,beetle-fineweb3-eng,Beetle-FineWeb3-24B/beetle-monolingual-fineweb3-eng@step-4,4,,Gram,ses-7,60,-0.04479473257240529,-0.029199032952539596,-0.029604008776384243,-0.08837803923182525,0.0018502336747761906
ds003604,beetle-fineweb3-eng,Beetle-FineWeb3-24B/beetle-monolingual-fineweb3-eng@step-6,6,,Gram,ses-7,60,-0.04472272908266082,-0.02920028306539558,-0.029541411567070037,-0.0897878877568052,0.005597437043951242
ds003604,beetle-fineweb3-eng,Beetle-FineWeb3-24B/beetle-monolingual-fineweb3-eng@step-8,8,,Gram,ses-7,60,-0.04477938533142107,-0.029203522344743424,-0.029583568871302052,-0.09301407964170023,-0.0010416419788909221
ds003604,beetle-fineweb3-eng,Beetle-FineWeb3-24B/beetle-monolingual-fineweb3-eng@step-16,16,,Gram,ses-7,60,-0.04477922952186794,-0.029220092530468155,-0.02953885657893476,-0.09167190922473625,0.00064036084613639
ds003604,beetle-fineweb3-eng,Beetle-FineWeb3-24B/beetle-monolingual-fineweb3-eng@step-32,32,,Gram,ses-7,60,-0.04515563077790717,-0.02931569089952578,-0.029703653313659924,-0.09179120139400397,-0.0008959005463646867
ds003604,beetle-fineweb3-eng,Beetle-FineWeb3-24B/beetle-monolingual-fineweb3-eng@step-64,64,,Gram,ses-7,60,-0.049721885087197715,-0.028015691280719776,-0.0325882349183841,-0.09711187251126185,-0.0047449225849063885
ds003604,beetle-fineweb3-eng,Beetle-FineWeb3-24B/beetle-monolingual-fineweb3-eng@step-128,128,,Gram,ses-7,60,-0.03736183783989834,-0.012197175169617186,-0.024514472410918742,-0.08109791888015622,0.006995300067739473
ds003604,beetle-fineweb3-eng,Beetle-FineWeb3-24B/beetle-monolingual-fineweb3-eng@step-256,256,,Gram,ses-7,60,-0.008563426127858695,0.028479732356908077,-0.006192652492869986,-0.05472137596639106,0.04093087595767196
ds003604,beetle-fineweb3-eng,Beetle-FineWeb3-24B/beetle-monolingual-fineweb3-eng@step-512,512,,Gram,ses-7,60,-0.014982758076979238,-0.0175732830359503,-0.009643163969557316,-0.06293886173237363,0.029420770939293035
ds003604,beetle-fineweb3-eng,Beetle-FineWeb3-24B/beetle-monolingual-fineweb3-eng@step-1024,1024,,Gram,ses-7,60,-0.02607888039323475,-0.03551647725688743,-0.017466537639765838,-0.0718461122595518,0.02266350261291185
ds003604,beetle-fineweb3-eng,Beetle-FineWeb3-24B/beetle-monolingual-fineweb3-eng@step-2048,2048,,Gram,ses-7,60,-0.03258466284011028,-0.03428771542590768,-0.021959484275644894,-0.08117419447970804,0.015819305706300423
ds003604,beetle-fineweb3-eng,Beetle-FineWeb3-24B/beetle-monolingual-fineweb3-eng@step-4096,4096,,Gram,ses-7,60,-0.02063966411009339,-0.01600940884192132,-0.014316237268973181,-0.0703610251595596,0.02632064631444147
ds003604,beetle-fineweb3-eng,Beetle-FineWeb3-24B/beetle-monolingual-fineweb3-eng@step-8192,8192,,Gram,ses-7,60,-0.021094833587309222,-0.011494984694554537,-0.013984088811387583,-0.06591823251383815,0.023793518022939504
ds003604,beetle-fineweb3-eng,Beetle-FineWeb3-24B/beetle-monolingual-fineweb3-eng@step-16384,16384,,Gram,ses-7,60,-0.019696152868994073,-0.0012646361518947697,-0.012673379897992098,-0.06698250219558854,0.026858651696258947
ds003604,beetle-fineweb3-eng,Beetle-FineWeb3-24B/beetle-monolingual-fineweb3-eng@step-32768,32768,,Gram,ses-7,60,-0.022111873953360825,-0.023046527089686956,-0.014685433054520252,-0.07248001968775226,0.0228427528536419
ds003604,beetle-fineweb3-eng,Beetle-FineWeb3-24B/beetle-monolingual-fineweb3-eng@step-65536,65536,,Gram,ses-7,60,-0.03305761841062127,-0.02600721625138657,-0.0215583511384069,-0.07726744267337804,0.014462643738938075
ds003604,beetle-fineweb3-eng,Beetle-FineWeb3-24B/beetle-monolingual-fineweb3-eng@step-0,0,,Gram,ses-9,60,-0.04151302199169069,-0.0298842438847478,-0.02761367301900592,-0.08764554958303891,0.0047679230394220735
ds003604,beetle-fineweb3-eng,Beetle-FineWeb3-24B/beetle-monolingual-fineweb3-eng@step-1,1,,Gram,ses-9,60,-0.04151302199169069,-0.0298842438847478,-0.02761367301900592,-0.08876205842183002,0.002099142903676029
ds003604,beetle-fineweb3-eng,Beetle-FineWeb3-24B/beetle-monolingual-fineweb3-eng@step-2,2,,Gram,ses-9,60,-0.04151302199169069,-0.0298842438847478,-0.02761367301900592,-0.09054221156191156,0.004439348719897513
ds003604,beetle-fineweb3-eng,Beetle-FineWeb3-24B/beetle-monolingual-fineweb3-eng@step-4,4,,Gram,ses-9,60,-0.04152034504068824,-0.029887547227266064,-0.02762133798341174,-0.08734053995627353,0.0038439201926412543
ds003604,beetle-fineweb3-eng,Beetle-FineWeb3-24B/beetle-monolingual-fineweb3-eng@step-6,6,,Gram,ses-9,60,-0.041433968119666674,-0.02988859427553161,-0.0275715157147739,-0.08848439002251295,0.008995735054769213
ds003604,beetle-fineweb3-eng,Beetle-FineWeb3-24B/beetle-monolingual-fineweb3-eng@step-8,8,,Gram,ses-9,60,-0.041437101622902026,-0.02989124873551167,-0.027595788102059003,-0.08693442889148807,0.006166609913699094
ds003604,beetle-fineweb3-eng,Beetle-FineWeb3-24B/beetle-monolingual-fineweb3-eng@step-16,16,,Gram,ses-9,60,-0.04131672575897254,-0.029904087945753593,-0.027489756094445136,-0.08588206345003122,0.003824900403476098
ds003604,beetle-fineweb3-eng,Beetle-FineWeb3-24B/beetle-monolingual-fineweb3-eng@step-32,32,,Gram,ses-9,60,-0.041173406938343315,-0.02997559653724951,-0.02730451945463778,-0.08781793523245904,0.005082984203838739
ds003604,beetle-fineweb3-eng,Beetle-FineWeb3-24B/beetle-monolingual-fineweb3-eng@step-64,64,,Gram,ses-9,60,-0.03583023209656128,-0.028359122997216848,-0.02402391468894616,-0.08258012426368053,0.012660692576473547
ds003604,beetle-fineweb3-eng,Beetle-FineWeb3-24B/beetle-monolingual-fineweb3-eng@step-128,128,,Gram,ses-9,60,-0.040383095440368146,-0.012056367743839589,-0.026959596056375813,-0.0855974832743874,0.004276471414846135
ds003604,beetle-fineweb3-eng,Beetle-FineWeb3-24B/beetle-monolingual-fineweb3-eng@step-256,256,,Gram,ses-9,60,-0.025982170269209858,0.02407818041071372,-0.016910827720343774,-0.07131532628375409,0.01881314511658827
ds003604,beetle-fineweb3-eng,Beetle-FineWeb3-24B/beetle-monolingual-fineweb3-eng@step-512,512,,Gram,ses-9,60,-0.0609975844055109,-0.01977047005681295,-0.04054319047755922,-0.11166014806327505,-0.01533558996583234
ds003604,beetle-fineweb3-eng,Beetle-FineWeb3-24B/beetle-monolingual-fineweb3-eng@step-1024,1024,,Gram,ses-9,60,-0.04770842098860502,-0.040642765832876585,-0.03186389578203396,-0.09305514052565823,0.0021000908041596137
ds003604,beetle-fineweb3-eng,Beetle-FineWeb3-24B/beetle-monolingual-fineweb3-eng@step-2048,2048,,Gram,ses-9,60,-0.03970229641803414,-0.040331824091054624,-0.026737312088606992,-0.08714644417583023,0.007573039862585365
ds003604,beetle-fineweb3-eng,Beetle-FineWeb3-24B/beetle-monolingual-fineweb3-eng@step-4096,4096,,Gram,ses-9,60,-0.02382878919189814,-0.021354188082758973,-0.016229923382293295,-0.06932808302295819,0.024194587885691933
ds003604,beetle-fineweb3-eng,Beetle-FineWeb3-24B/beetle-monolingual-fineweb3-eng@step-8192,8192,,Gram,ses-9,60,-0.025995578546866117,-0.0164967957141839,-0.017346453197407966,-0.07219995565992351,0.02207741166302791
ds003604,beetle-fineweb3-eng,Beetle-FineWeb3-24B/beetle-monolingual-fineweb3-eng@step-16384,16384,,Gram,ses-9,60,-0.016267797366495033,-0.007462570791683448,-0.010752028820266166,-0.06271435328889215,0.030826696436770752
ds003604,beetle-fineweb3-eng,Beetle-FineWeb3-24B/beetle-monolingual-fineweb3-eng@step-32768,32768,,Gram,ses-9,60,-0.03296906664792047,-0.027070196201295332,-0.021668215628223676,-0.08165374696450559,0.013544889588742321
ds003604,beetle-fineweb3-eng,Beetle-FineWeb3-24B/beetle-monolingual-fineweb3-eng@step-65536,65536,,Gram,ses-9,60,-0.04164205826994883,-0.03143166105996005,-0.02758812313765318,-0.0865907103420397,0.006017463654726408
ds003604,beetle-fineweb3-eng,Beetle-FineWeb3-24B/beetle-monolingual-fineweb3-eng@step-0,0,,Phon,ses-5,72,0.004737591362135019,-0.00046559124686924684,0.0030227024245932216,-0.03370727954691348,0.04270408092648212
ds003604,beetle-fineweb3-eng,Beetle-FineWeb3-24B/beetle-monolingual-fineweb3-eng@step-1,1,,Phon,ses-5,72,0.004737591362135019,-0.00046559124686924684,0.0030227024245932216,-0.03645993783751577,0.042418868728954576
ds003604,beetle-fineweb3-eng,Beetle-FineWeb3-24B/beetle-monolingual-fineweb3-eng@step-2,2,,Phon,ses-5,72,0.004737591362135019,-0.00046559124686924684,0.0030227024245932216,-0.032552987065364455,0.0444425776040202
ds003604,beetle-fineweb3-eng,Beetle-FineWeb3-24B/beetle-monolingual-fineweb3-eng@step-4,4,,Phon,ses-5,72,0.004763024729792836,-0.0004589511925650082,0.003036789994150596,-0.035493306669071176,0.043637140981852
ds003604,beetle-fineweb3-eng,Beetle-FineWeb3-24B/beetle-monolingual-fineweb3-eng@step-6,6,,Phon,ses-5,72,0.004783146783584271,-0.00045337111995347613,0.0030325024729809602,-0.034529065578435915,0.04370788098233859
ds003604,beetle-fineweb3-eng,Beetle-FineWeb3-24B/beetle-monolingual-fineweb3-eng@step-8,8,,Phon,ses-5,72,0.004716555224831469,-0.0004446750710364973,0.0029914647703573037,-0.034416843386200026,0.0428601357018853
ds003604,beetle-fineweb3-eng,Beetle-FineWeb3-24B/beetle-monolingual-fineweb3-eng@step-16,16,,Phon,ses-5,72,0.004759136281770784,-0.0003609335810963012,0.0030913027633073936,-0.03869653477380896,0.044511471709192604
ds003604,beetle-fineweb3-eng,Beetle-FineWeb3-24B/beetle-monolingual-fineweb3-eng@step-32,32,,Phon,ses-5,72,0.005075917240675361,0.0003760629818468416,0.0032413660042446457,-0.033340520002516076,0.04389147711741927
ds003604,beetle-fineweb3-eng,Beetle-FineWeb3-24B/beetle-monolingual-fineweb3-eng@step-64,64,,Phon,ses-5,72,0.007088091000577982,0.013613563221806124,0.00455947251239553,-0.031203588364317567,0.04638021391972574
ds003604,beetle-fineweb3-eng,Beetle-FineWeb3-24B/beetle-monolingual-fineweb3-eng@step-128,128,,Phon,ses-5,72,0.00493815148908426,-0.00228288665604929,0.002968802158460657,-0.035741736151726225,0.04462536889488599
ds003604,beetle-fineweb3-eng,Beetle-FineWeb3-24B/beetle-monolingual-fineweb3-eng@step-256,256,,Phon,ses-5,72,0.009992030837412133,0.014224902107636137,0.007029084706105736,-0.027798461676762278,0.04796059454575135
ds003604,beetle-fineweb3-eng,Beetle-FineWeb3-24B/beetle-monolingual-fineweb3-eng@step-512,512,,Phon,ses-5,72,-0.017197033981532446,-0.006053748524949212,-0.011515056855593224,-0.0560203081246189,0.02196880391028611
ds003604,beetle-fineweb3-eng,Beetle-FineWeb3-24B/beetle-monolingual-fineweb3-eng@step-1024,1024,,Phon,ses-5,72,0.01857866761699733,0.004315554077640913,0.01211347231026953,-0.018317214018997788,0.05724563448230481
ds003604,beetle-fineweb3-eng,Beetle-FineWeb3-24B/beetle-monolingual-fineweb3-eng@step-2048,2048,,Phon,ses-5,72,0.0014875997726734671,0.004445672032436692,0.0014295820585614142,-0.038110005189862614,0.038134986690515515
ds003604,beetle-fineweb3-eng,Beetle-FineWeb3-24B/beetle-monolingual-fineweb3-eng@step-4096,4096,,Phon,ses-5,72,-0.008928145422178325,-0.012458256608322213,-0.0051989256696954944,-0.046352436855099745,0.026770361563845355
ds003604,beetle-fineweb3-eng,Beetle-FineWeb3-24B/beetle-monolingual-fineweb3-eng@step-8192,8192,,Phon,ses-5,72,0.009742208651627254,-0.001595332774017041,0.006277543495371008,-0.027408566413037082,0.04857770768680443
ds003604,beetle-fineweb3-eng,Beetle-FineWeb3-24B/beetle-monolingual-fineweb3-eng@step-16384,16384,,Phon,ses-5,72,0.006361622410706194,-0.013887064363913317,0.004097032729099099,-0.032432608046910824,0.045786782995260004
ds003604,beetle-fineweb3-eng,Beetle-FineWeb3-24B/beetle-monolingual-fineweb3-eng@step-32768,32768,,Phon,ses-5,72,0.018188514209386875,0.013589282248678194,0.011943808972556801,-0.01909276330800528,0.05783238418072771
ds003604,beetle-fineweb3-eng,Beetle-FineWeb3-24B/beetle-monolingual-fineweb3-eng@step-65536,65536,,Phon,ses-5,72,-0.022074948660682787,-0.019325505220239163,-0.015164962377001734,-0.06061206362097522,0.019646922507918396
ds003604,beetle-fineweb3-eng,Beetle-FineWeb3-24B/beetle-monolingual-fineweb3-eng@step-0,0,,Phon,ses-7,72,0.006279042295301642,0.0015043763898966748,0.00418523316458875,-0.02939648628251162,0.045690197359864536
ds003604,beetle-fineweb3-eng,Beetle-FineWeb3-24B/beetle-monolingual-fineweb3-eng@step-1,1,,Phon,ses-7,72,0.006279042295301642,0.0015043763898966748,0.00418523316458875,-0.03324100424662798,0.04472040775026739
ds003604,beetle-fineweb3-eng,Beetle-FineWeb3-24B/beetle-monolingual-fineweb3-eng@step-2,2,,Phon,ses-7,72,0.006279042295301642,0.0015043763898966748,0.00418523316458875,-0.033528966359840706,0.044455075873170546
ds003604,beetle-fineweb3-eng,Beetle-FineWeb3-24B/beetle-monolingual-fineweb3-eng@step-4,4,,Phon,ses-7,72,0.006308316682120032,0.0015099758602430376,0.004200545740194591,-0.03253273662958101,0.04612601316871925
ds003604,beetle-fineweb3-eng,Beetle-FineWeb3-24B/beetle-monolingual-fineweb3-eng@step-6,6,,Phon,ses-7,72,0.006319238255403922,0.0015143239875708885,0.004202383249267293,-0.03485655182835837,0.044125863980360905
ds003604,beetle-fineweb3-eng,Beetle-FineWeb3-24B/beetle-monolingual-fineweb3-eng@step-8,8,,Phon,ses-7,72,0.006271458707799015,0.0015214277129164538,0.00416869558293444,-0.03140541836027383,0.0425404268132126
ds003604,beetle-fineweb3-eng,Beetle-FineWeb3-24B/beetle-monolingual-fineweb3-eng@step-16,16,,Phon,ses-7,72,0.00640240548262404,0.0015867904363779913,0.004286908666611541,-0.03769439816575635,0.04568802538597878
ds003604,beetle-fineweb3-eng,Beetle-FineWeb3-24B/beetle-monolingual-fineweb3-eng@step-32,32,,Phon,ses-7,72,0.007516367870767964,0.002229966374874469,0.004936774375323479,-0.029580699964995273,0.04991111571897964
ds003604,beetle-fineweb3-eng,Beetle-FineWeb3-24B/beetle-monolingual-fineweb3-eng@step-64,64,,Phon,ses-7,72,0.020514227237373988,0.012067409657677802,0.01353386682346744,-0.01532354222140919,0.05909853555266387
ds003604,beetle-fineweb3-eng,Beetle-FineWeb3-24B/beetle-monolingual-fineweb3-eng@step-128,128,,Phon,ses-7,72,0.012707530777261918,-0.005891725179542135,0.007955801781771297,-0.026716943377942007,0.05041130669457868
ds003604,beetle-fineweb3-eng,Beetle-FineWeb3-24B/beetle-monolingual-fineweb3-eng@step-256,256,,Phon,ses-7,72,0.035749758729920623,0.01525616712001709,0.02393171816285843,-0.0028125032942757154,0.07562182831706793
ds003604,beetle-fineweb3-eng,Beetle-FineWeb3-24B/beetle-monolingual-fineweb3-eng@step-512,512,,Phon,ses-7,72,0.0007768358849036775,0.0022298676188683246,0.0008330041129578077,-0.03976367907017796,0.0405525435153243
ds003604,beetle-fineweb3-eng,Beetle-FineWeb3-24B/beetle-monolingual-fineweb3-eng@step-1024,1024,,Phon,ses-7,72,0.002746132516792305,0.008268808425043942,0.0014510196644095929,-0.03637887400828941,0.0427483912572052
ds003604,beetle-fineweb3-eng,Beetle-FineWeb3-24B/beetle-monolingual-fineweb3-eng@step-2048,2048,,Phon,ses-7,72,0.008262951328240056,0.0038547848120844856,0.005413301728177282,-0.028754669157460246,0.04591718786984381
ds003604,beetle-fineweb3-eng,Beetle-FineWeb3-24B/beetle-monolingual-fineweb3-eng@step-4096,4096,,Phon,ses-7,72,-0.005055876390843728,-0.016340521421403447,-0.003409191832884674,-0.04347242230898105,0.034083379617433796
ds003604,beetle-fineweb3-eng,Beetle-FineWeb3-24B/beetle-monolingual-fineweb3-eng@step-8192,8192,,Phon,ses-7,72,0.008329530670467931,-0.00193554794000368,0.005203213190865129,-0.02859303631698102,0.046912892786054504
ds003604,beetle-fineweb3-eng,Beetle-FineWeb3-24B/beetle-monolingual-fineweb3-eng@step-16384,16384,,Phon,ses-7,72,-0.04148878822496303,-0.011414840284209445,-0.02775312453105237,-0.08044989407215293,-0.005140003165649638
ds003604,beetle-fineweb3-eng,Beetle-FineWeb3-24B/beetle-monolingual-fineweb3-eng@step-32768,32768,,Phon,ses-7,72,0.03972913506561573,0.017412376355449986,0.02679333229207819,0.0010573889779629093,0.08059132330065887
ds003604,beetle-fineweb3-eng,Beetle-FineWeb3-24B/beetle-monolingual-fineweb3-eng@step-65536,65536,,Phon,ses-7,72,-0.0036714861324602366,-0.01956048620103837,-0.0025988503318235133,-0.042539863815924416,0.04025325373461906
ds003604,beetle-fineweb3-eng,Beetle-FineWeb3-24B/beetle-monolingual-fineweb3-eng@step-0,0,,Phon,ses-9,72,0.012777770765252931,-0.0023992422140406075,0.008258378275742736,-0.025444066954720915,0.05264624340926112
ds003604,beetle-fineweb3-eng,Beetle-FineWeb3-24B/beetle-monolingual-fineweb3-eng@step-1,1,,Phon,ses-9,72,0.012777770765252931,-0.0023992422140406075,0.008258378275742736,-0.02820287912513446,0.05244908478088931
ds003604,beetle-fineweb3-eng,Beetle-FineWeb3-24B/beetle-monolingual-fineweb3-eng@step-2,2,,Phon,ses-9,72,0.012777770765252931,-0.0023992422140406075,0.008258378275742736,-0.02610736428918526,0.05017494578950643
ds003604,beetle-fineweb3-eng,Beetle-FineWeb3-24B/beetle-monolingual-fineweb3-eng@step-4,4,,Phon,ses-9,72,0.012810859582324701,-0.0023921785832990705,0.00828716591788172,-0.02798844648341107,0.05181713434137075
ds003604,beetle-fineweb3-eng,Beetle-FineWeb3-24B/beetle-monolingual-fineweb3-eng@step-6,6,,Phon,ses-9,72,0.0128471275703537,-0.0023854525366430075,0.008298803475342158,-0.028207510052370113,0.04996168879190556
ds003604,beetle-fineweb3-eng,Beetle-FineWeb3-24B/beetle-monolingual-fineweb3-eng@step-8,8,,Phon,ses-9,72,0.012804689518617931,-0.0023744803081154403,0.008256540766670034,-0.02676527312233575,0.049924235681948204
ds003604,beetle-fineweb3-eng,Beetle-FineWeb3-24B/beetle-monolingual-fineweb3-eng@step-16,16,,Phon,ses-9,72,0.013016060551507613,-0.0022748664743955345,0.008482554382612263,-0.028706271887578794,0.05195283616388875
ds003604,beetle-fineweb3-eng,Beetle-FineWeb3-24B/beetle-monolingual-fineweb3-eng@step-32,32,,Phon,ses-9,72,0.014273329963225277,-0.0014792089013842703,0.009305145944158098,-0.023564687408170994,0.05399873299116102
ds003604,beetle-fineweb3-eng,Beetle-FineWeb3-24B/beetle-monolingual-fineweb3-eng@step-64,64,,Phon,ses-9,72,0.022413190460786877,0.01332215835543186,0.015074924432439385,-0.015888795801857647,0.06204430725726261
ds003604,beetle-fineweb3-eng,Beetle-FineWeb3-24B/beetle-monolingual-fineweb3-eng@step-128,128,,Phon,ses-9,72,0.0005196902517351858,-0.005233547224850248,0.0004942899405565815,-0.03979956122526936,0.040411885827577744
ds003604,beetle-fineweb3-eng,Beetle-FineWeb3-24B/beetle-monolingual-fineweb3-eng@step-256,256,,Phon,ses-9,72,0.020685908936636264,0.014138229693957631,0.013966293958576419,-0.01591184961933277,0.06009039292423253
ds003604,beetle-fineweb3-eng,Beetle-FineWeb3-24B/beetle-monolingual-fineweb3-eng@step-512,512,,Phon,ses-9,72,0.0072102095395961486,0.008936404161073112,0.0050752000588002895,-0.031100196558673767,0.04601430876465045
ds003604,beetle-fineweb3-eng,Beetle-FineWeb3-24B/beetle-monolingual-fineweb3-eng@step-1024,1024,,Phon,ses-9,72,0.018870108628728816,0.006255657938575398,0.012425848852628709,-0.016326432335657486,0.05838719660391529
ds003604,beetle-fineweb3-eng,Beetle-FineWeb3-24B/beetle-monolingual-fineweb3-eng@step-2048,2048,,Phon,ses-9,72,0.005255195462584303,0.0034375428555160122,0.0039224693671925,-0.035849239648053005,0.043077964741591736
ds003604,beetle-fineweb3-eng,Beetle-FineWeb3-24B/beetle-monolingual-fineweb3-eng@step-4096,4096,,Phon,ses-9,72,0.004318901589535534,-0.01354045889396415,0.0033295664397342962,-0.03589303593684796,0.042191905688382055
ds003604,beetle-fineweb3-eng,Beetle-FineWeb3-24B/beetle-monolingual-fineweb3-eng@step-8192,8192,,Phon,ses-9,72,0.004874963310452033,-0.002327915855520216,0.0032125783621056625,-0.03292814134611957,0.04386822331978358
ds003604,beetle-fineweb3-eng,Beetle-FineWeb3-24B/beetle-monolingual-fineweb3-eng@step-16384,16384,,Phon,ses-9,72,0.006274629973945997,-0.00024529410334644085,0.004426559356136821,-0.03222600643119745,0.04649570840443738
ds003604,beetle-fineweb3-eng,Beetle-FineWeb3-24B/beetle-monolingual-fineweb3-eng@step-32768,32768,,Phon,ses-9,72,0.046664206905303755,0.017092307209650263,0.03104655329235688,0.009925137060660309,0.0866928450776578
ds003604,beetle-fineweb3-eng,Beetle-FineWeb3-24B/beetle-monolingual-fineweb3-eng@step-65536,65536,,Phon,ses-9,72,0.010539286599714289,-0.013920577758013255,0.006741820787740139,-0.028728027948328162,0.05163447384524824
ds003604,beetle-fineweb3-eng,Beetle-FineWeb3-24B/beetle-monolingual-fineweb3-eng@step-0,0,,Plaus,ses-5,60,-0.012889417778165404,0.004880084379747199,-0.008833232730675508,-0.05835923891299342,0.03521454451725213
ds003604,beetle-fineweb3-eng,Beetle-FineWeb3-24B/beetle-monolingual-fineweb3-eng@step-1,1,,Plaus,ses-5,60,-0.012889417778165404,0.004880084379747199,-0.008833232730675508,-0.0593896591878527,0.03006683582400968
ds003604,beetle-fineweb3-eng,Beetle-FineWeb3-24B/beetle-monolingual-fineweb3-eng@step-2,2,,Plaus,ses-5,60,-0.012889417778165404,0.004880084379747199,-0.008833232730675508,-0.05746420079129169,0.03480519301365572
ds003604,beetle-fineweb3-eng,Beetle-FineWeb3-24B/beetle-monolingual-fineweb3-eng@step-4,4,,Plaus,ses-5,60,-0.012889378825777119,0.004874090492278981,-0.008819180295931501,-0.05768309065837736,0.030452263275315045
ds003604,beetle-fineweb3-eng,Beetle-FineWeb3-24B/beetle-monolingual-fineweb3-eng@step-6,6,,Plaus,ses-5,60,-0.01289684037215523,0.004870260630550556,-0.008807682849322769,-0.05863388665846264,0.03153772122034193
ds003604,beetle-fineweb3-eng,Beetle-FineWeb3-24B/beetle-monolingual-fineweb3-eng@step-8,8,,Plaus,ses-5,60,-0.012865405794809392,0.004867943922551188,-0.008779577979834757,-0.05741390019447659,0.03582392877324205
ds003604,beetle-fineweb3-eng,Beetle-FineWeb3-24B/beetle-monolingual-fineweb3-eng@step-16,16,,Plaus,ses-5,60,-0.012740985374563002,0.00484394354454654,-0.008664603513747433,-0.05799259258285418,0.0337959535127073
ds003604,beetle-fineweb3-eng,Beetle-FineWeb3-24B/beetle-monolingual-fineweb3-eng@step-32,32,,Plaus,ses-5,60,-0.012276729170768955,0.004583282468367322,-0.008312015151079643,-0.057201038712750764,0.03152150050805723
ds003604,beetle-fineweb3-eng,Beetle-FineWeb3-24B/beetle-monolingual-fineweb3-eng@step-64,64,,Plaus,ses-5,60,0.003973384893455562,0.003397842468942794,0.002590119222133862,-0.04594459471650863,0.051892147437677734
ds003604,beetle-fineweb3-eng,Beetle-FineWeb3-24B/beetle-monolingual-fineweb3-eng@step-128,128,,Plaus,ses-5,60,0.009916355102111767,0.023299946618027978,0.006348506769121691,-0.03456113385071779,0.056695147913912315
ds003604,beetle-fineweb3-eng,Beetle-FineWeb3-24B/beetle-monolingual-fineweb3-eng@step-256,256,,Plaus,ses-5,60,-0.033020617969793845,-0.009096463485160293,-0.02254713154675788,-0.07917563998944978,0.012331747682127286
ds003604,beetle-fineweb3-eng,Beetle-FineWeb3-24B/beetle-monolingual-fineweb3-eng@step-512,512,,Plaus,ses-5,60,-0.008542106187337478,0.007579709319902352,-0.005819624225120005,-0.05431593878859821,0.03964615334089293
ds003604,beetle-fineweb3-eng,Beetle-FineWeb3-24B/beetle-monolingual-fineweb3-eng@step-1024,1024,,Plaus,ses-5,60,-0.008316545890909586,-0.007974750331881117,-0.005446595957370023,-0.05140539622605757,0.035983261192006344
ds003604,beetle-fineweb3-eng,Beetle-FineWeb3-24B/beetle-monolingual-fineweb3-eng@step-2048,2048,,Plaus,ses-5,60,-0.03470088333899829,-0.029828072867445772,-0.023009584399242448,-0.08055576122941725,0.009929896649058913
ds003604,beetle-fineweb3-eng,Beetle-FineWeb3-24B/beetle-monolingual-fineweb3-eng@step-4096,4096,,Plaus,ses-5,60,-0.02955115471352491,-0.03556456430113189,-0.019946153625049104,-0.07532894698758172,0.015891403479763193
ds003604,beetle-fineweb3-eng,Beetle-FineWeb3-24B/beetle-monolingual-fineweb3-eng@step-8192,8192,,Plaus,ses-5,60,-0.04388507744879018,-0.0422831151939488,-0.0295503540255435,-0.08940311433515138,-0.0016492651510216676
ds003604,beetle-fineweb3-eng,Beetle-FineWeb3-24B/beetle-monolingual-fineweb3-eng@step-16384,16384,,Plaus,ses-5,60,-0.04910567345268306,-0.03458010523910249,-0.03297531562087808,-0.09186456001273136,-0.006288430702207153
ds003604,beetle-fineweb3-eng,Beetle-FineWeb3-24B/beetle-monolingual-fineweb3-eng@step-32768,32768,,Plaus,ses-5,60,-0.014299531022442144,-0.018036746885901712,-0.009562681843296192,-0.05720427929181723,0.03392343415241246
ds003604,beetle-fineweb3-eng,Beetle-FineWeb3-24B/beetle-monolingual-fineweb3-eng@step-65536,65536,,Plaus,ses-5,60,-0.008401665515398175,-0.016097387256007,-0.005486198273466768,-0.054638603746099544,0.03933578610881634
ds003604,beetle-fineweb3-eng,Beetle-FineWeb3-24B/beetle-monolingual-fineweb3-eng@step-0,0,,Plaus,ses-7,60,-0.033135691980873454,0.004255250370686754,-0.022263527863742482,-0.07776664440813762,0.012115426440329003
ds003604,beetle-fineweb3-eng,Beetle-FineWeb3-24B/beetle-monolingual-fineweb3-eng@step-1,1,,Plaus,ses-7,60,-0.033135691980873454,0.004255250370686754,-0.022263527863742482,-0.08028213041888224,0.011483635155438668
ds003604,beetle-fineweb3-eng,Beetle-FineWeb3-24B/beetle-monolingual-fineweb3-eng@step-2,2,,Plaus,ses-7,60,-0.033135691980873454,0.004255250370686754,-0.022263527863742482,-0.0795753846543131,0.013639110676577595
ds003604,beetle-fineweb3-eng,Beetle-FineWeb3-24B/beetle-monolingual-fineweb3-eng@step-4,4,,Plaus,ses-7,60,-0.03312765696877893,0.0042493329930451285,-0.022249475428998477,-0.08109974429951446,0.009525111604335461
ds003604,beetle-fineweb3-eng,Beetle-FineWeb3-24B/beetle-monolingual-fineweb3-eng@step-6,6,,Plaus,ses-7,60,-0.033124358999904145,0.00424454840985178,-0.022245642946795565,-0.07807033793153163,0.01107935059287434
ds003604,beetle-fineweb3-eng,Beetle-FineWeb3-24B/beetle-monolingual-fineweb3-eng@step-8,8,,Plaus,ses-7,60,-0.033096878089969216,0.004241265290076877,-0.02221498308917228,-0.07599329876353951,0.014387632902594233
ds003604,beetle-fineweb3-eng,Beetle-FineWeb3-24B/beetle-monolingual-fineweb3-eng@step-16,16,,Plaus,ses-7,60,-0.032923143946154254,0.004217222341660276,-0.022130668480708243,-0.07885536270359104,0.010551278921448557
ds003604,beetle-fineweb3-eng,Beetle-FineWeb3-24B/beetle-monolingual-fineweb3-eng@step-32,32,,Plaus,ses-7,60,-0.032413912882042255,0.0039853166614855235,-0.021726980355334973,-0.07655319690220941,0.012494640937786813
ds003604,beetle-fineweb3-eng,Beetle-FineWeb3-24B/beetle-monolingual-fineweb3-eng@step-64,64,,Plaus,ses-7,60,-0.012076518223028188,0.0038538090358123077,-0.008047573879078798,-0.06038549191559878,0.037002285999192676
ds003604,beetle-fineweb3-eng,Beetle-FineWeb3-24B/beetle-monolingual-fineweb3-eng@step-128,128,,Plaus,ses-7,60,0.009429517333220387,0.025459245929747205,0.005986975947980442,-0.03766070188838908,0.0572896134627272
ds003604,beetle-fineweb3-eng,Beetle-FineWeb3-24B/beetle-monolingual-fineweb3-eng@step-256,256,,Plaus,ses-7,60,-0.07666836825486176,-0.018311840415621998,-0.05058684883732071,-0.12138411124888887,-0.03254567837571629
ds003604,beetle-fineweb3-eng,Beetle-FineWeb3-24B/beetle-monolingual-fineweb3-eng@step-512,512,,Plaus,ses-7,60,-0.0038693344082605555,0.01061620369182218,-0.00261183662128369,-0.05176778316740278,0.044220285982399354
ds003604,beetle-fineweb3-eng,Beetle-FineWeb3-24B/beetle-monolingual-fineweb3-eng@step-1024,1024,,Plaus,ses-7,60,-0.012965238601961781,-0.007972531015996261,-0.00868248843069435,-0.0583496226396242,0.034162176827975496
ds003604,beetle-fineweb3-eng,Beetle-FineWeb3-24B/beetle-monolingual-fineweb3-eng@step-2048,2048,,Plaus,ses-7,60,-0.050126604729520005,-0.03333836501506805,-0.033519528093691416,-0.098249601735954,-0.004981017454179707
ds003604,beetle-fineweb3-eng,Beetle-FineWeb3-24B/beetle-monolingual-fineweb3-eng@step-4096,4096,,Plaus,ses-7,60,-0.04996065673531887,-0.03877026689852351,-0.03359106776147908,-0.09615723964096369,-0.004483556948586338
ds003604,beetle-fineweb3-eng,Beetle-FineWeb3-24B/beetle-monolingual-fineweb3-eng@step-8192,8192,,Plaus,ses-7,60,-0.07455222133270718,-0.04691535327156895,-0.04978202757470945,-0.1212903509865745,-0.032409901273873366
ds003604,beetle-fineweb3-eng,Beetle-FineWeb3-24B/beetle-monolingual-fineweb3-eng@step-16384,16384,,Plaus,ses-7,60,-0.08481004280862063,-0.04114485500024602,-0.05653358372217059,-0.12823795138553978,-0.04304181247160004
ds003604,beetle-fineweb3-eng,Beetle-FineWeb3-24B/beetle-monolingual-fineweb3-eng@step-32768,32768,,Plaus,ses-7,60,-0.013426939096280031,-0.0163730859813556,-0.009170491164531655,-0.059946557497325526,0.03491285060982031
ds003604,beetle-fineweb3-eng,Beetle-FineWeb3-24B/beetle-monolingual-fineweb3-eng@step-65536,65536,,Plaus,ses-7,60,-0.005061911548096075,-0.01384172457206917,-0.0034485952355858746,-0.05146525725345176,0.04246514421968659
ds003604,beetle-fineweb3-eng,Beetle-FineWeb3-24B/beetle-monolingual-fineweb3-eng@step-0,0,,Plaus,ses-9,60,-0.030008873408151823,0.0017687627054357655,-0.019791576842865036,-0.07647821002402604,0.015607524405610192
ds003604,beetle-fineweb3-eng,Beetle-FineWeb3-24B/beetle-monolingual-fineweb3-eng@step-1,1,,Plaus,ses-9,60,-0.030008873408151823,0.0017687627054357655,-0.019791576842865036,-0.07595109806066468,0.015175090371924502
ds003604,beetle-fineweb3-eng,Beetle-FineWeb3-24B/beetle-monolingual-fineweb3-eng@step-2,2,,Plaus,ses-9,60,-0.030008873408151823,0.0017687627054357655,-0.019791576842865036,-0.07575110112938302,0.01471089681131072
ds003604,beetle-fineweb3-eng,Beetle-FineWeb3-24B/beetle-monolingual-fineweb3-eng@step-4,4,,Plaus,ses-9,60,-0.02998864197048101,0.0017628892272871996,-0.01977752440812103,-0.07758368859817773,0.013264354322687447
ds003604,beetle-fineweb3-eng,Beetle-FineWeb3-24B/beetle-monolingual-fineweb3-eng@step-6,6,,Plaus,ses-9,60,-0.0299915157911278,0.0017583937124788993,-0.01978135689032394,-0.07384138059560988,0.015903922939840255
ds003604,beetle-fineweb3-eng,Beetle-FineWeb3-24B/beetle-monolingual-fineweb3-eng@step-8,8,,Plaus,ses-9,60,-0.029970438221022574,0.0017555560901426868,-0.019778801902188666,-0.07417450473718544,0.017214797740515
ds003604,beetle-fineweb3-eng,Beetle-FineWeb3-24B/beetle-monolingual-fineweb3-eng@step-16,16,,Plaus,ses-9,60,-0.029837528344151668,0.00172972760420936,-0.019699597269995178,-0.0738039181765017,0.01784767952436615
ds003604,beetle-fineweb3-eng,Beetle-FineWeb3-24B/beetle-monolingual-fineweb3-eng@step-32,32,,Plaus,ses-9,60,-0.029448257651827445,0.0014569976187225192,-0.019377668764950673,-0.0714510650167357,0.016815444524282
ds003604,beetle-fineweb3-eng,Beetle-FineWeb3-24B/beetle-monolingual-fineweb3-eng@step-64,64,,Plaus,ses-9,60,-0.004234937196658615,-0.000173007405583063,-0.002693596241612453,-0.04976905476129225,0.04467434955756892
ds003604,beetle-fineweb3-eng,Beetle-FineWeb3-24B/beetle-monolingual-fineweb3-eng@step-128,128,,Plaus,ses-9,60,0.01801209829801814,0.022933016184672313,0.012097230073487846,-0.024867091323532285,0.06740394443232783
ds003604,beetle-fineweb3-eng,Beetle-FineWeb3-24B/beetle-monolingual-fineweb3-eng@step-256,256,,Plaus,ses-9,60,-0.06305643020047697,-0.01656458980590513,-0.04210045574600863,-0.10794288844707488,-0.016505911608949552
ds003604,beetle-fineweb3-eng,Beetle-FineWeb3-24B/beetle-monolingual-fineweb3-eng@step-512,512,,Plaus,ses-9,60,0.01888116503304047,0.009114828415249132,0.012619725147151348,-0.024952116812848927,0.06709837523954901
ds003604,beetle-fineweb3-eng,Beetle-FineWeb3-24B/beetle-monolingual-fineweb3-eng@step-1024,1024,,Plaus,ses-9,60,-0.023900617395895322,-0.011657194429040485,-0.015679323439141777,-0.0683782469979325,0.021182623107890538
ds003604,beetle-fineweb3-eng,Beetle-FineWeb3-24B/beetle-monolingual-fineweb3-eng@step-2048,2048,,Plaus,ses-9,60,-0.03953447654517376,-0.03190350407920914,-0.02690594130553506,-0.08725904648293417,0.006639470657583638
ds003604,beetle-fineweb3-eng,Beetle-FineWeb3-24B/beetle-monolingual-fineweb3-eng@step-4096,4096,,Plaus,ses-9,60,-0.048767019224913374,-0.03974212333204656,-0.032797743945476555,-0.09635853663422866,0.0015650131544635106
ds003604,beetle-fineweb3-eng,Beetle-FineWeb3-24B/beetle-monolingual-fineweb3-eng@step-8192,8192,,Plaus,ses-9,60,-0.05966025369874432,-0.045637357567006945,-0.04019954457336489,-0.10639637131306938,-0.015804873950033445
ds003604,beetle-fineweb3-eng,Beetle-FineWeb3-24B/beetle-monolingual-fineweb3-eng@step-16384,16384,,Plaus,ses-9,60,-0.06370317834338533,-0.039802860295497955,-0.04269704547559507,-0.11074272093000838,-0.02087650747955424
ds003604,beetle-fineweb3-eng,Beetle-FineWeb3-24B/beetle-monolingual-fineweb3-eng@step-32768,32768,,Plaus,ses-9,60,-0.02375830268127521,-0.0226918511252024,-0.015704873320494517,-0.06903782204252372,0.026025049469311157
ds003604,beetle-fineweb3-eng,Beetle-FineWeb3-24B/beetle-monolingual-fineweb3-eng@step-65536,65536,,Plaus,ses-9,60,-0.01186151835186862,-0.021573638225911865,-0.007933876907059113,-0.058124421639106784,0.034618525240604534
ds003604,beetle-fineweb3-eng,Beetle-FineWeb3-24B/beetle-monolingual-fineweb3-eng@step-0,0,,Sem,ses-5,72,-0.005801672241767644,-0.013287338158175082,-0.0038293689075089804,-0.04309066134610996,0.03409097362521603
ds003604,beetle-fineweb3-eng,Beetle-FineWeb3-24B/beetle-monolingual-fineweb3-eng@step-1,1,,Sem,ses-5,72,-0.005801672241767644,-0.013287338158175082,-0.0038293689075089804,-0.04247447599574566,0.03199749027622432
ds003604,beetle-fineweb3-eng,Beetle-FineWeb3-24B/beetle-monolingual-fineweb3-eng@step-2,2,,Sem,ses-5,72,-0.005801672241767644,-0.013287338158175082,-0.0038293689075089804,-0.04361441726421727,0.032973627693744956
ds003604,beetle-fineweb3-eng,Beetle-FineWeb3-24B/beetle-monolingual-fineweb3-eng@step-4,4,,Sem,ses-5,72,-0.005827474979649694,-0.013297102751376315,-0.00383426893170285,-0.04548555468292232,0.03301890408584737
ds003604,beetle-fineweb3-eng,Beetle-FineWeb3-24B/beetle-monolingual-fineweb3-eng@step-6,6,,Sem,ses-5,72,-0.005878767137480398,-0.013306258692072689,-0.0038753066343265065,-0.04498476721471976,0.032735607891277226
ds003604,beetle-fineweb3-eng,Beetle-FineWeb3-24B/beetle-monolingual-fineweb3-eng@step-8,8,,Sem,ses-5,72,-0.005861370087366586,-0.013313236272849516,-0.003855706537551029,-0.04393803151223187,0.032698594264504256
ds003604,beetle-fineweb3-eng,Beetle-FineWeb3-24B/beetle-monolingual-fineweb3-eng@step-16,16,,Sem,ses-5,72,-0.005840132736711312,-0.01333630243394232,-0.0038985817492473867,-0.04360613991786763,0.03338575113030731
ds003604,beetle-fineweb3-eng,Beetle-FineWeb3-24B/beetle-monolingual-fineweb3-eng@step-32,32,,Sem,ses-5,72,-0.006649583150071985,-0.013742652457329156,-0.004368984071858854,-0.046709525585124936,0.030602716293205233
ds003604,beetle-fineweb3-eng,Beetle-FineWeb3-24B/beetle-monolingual-fineweb3-eng@step-64,64,,Sem,ses-5,72,-0.0187211604451157,-0.02211707388969453,-0.012466274052228133,-0.055268400046370146,0.01945172094872456
ds003604,beetle-fineweb3-eng,Beetle-FineWeb3-24B/beetle-monolingual-fineweb3-eng@step-128,128,,Sem,ses-5,72,-0.011090557287002435,-0.012207218383876655,-0.006298981101219186,-0.04867131812553524,0.024475751070842974
ds003604,beetle-fineweb3-eng,Beetle-FineWeb3-24B/beetle-monolingual-fineweb3-eng@step-256,256,,Sem,ses-5,72,0.056444028081320985,0.021313031467986715,0.03763096080286896,0.016341926047566464,0.09314796517054007
ds003604,beetle-fineweb3-eng,Beetle-FineWeb3-24B/beetle-monolingual-fineweb3-eng@step-512,512,,Sem,ses-5,72,0.015266697284871227,0.006128389247486551,0.008506442000557377,-0.020609782672338796,0.0543654477869154
ds003604,beetle-fineweb3-eng,Beetle-FineWeb3-24B/beetle-monolingual-fineweb3-eng@step-1024,1024,,Sem,ses-5,72,-0.003977772377834221,0.008594044859800752,-0.0032364659800507766,-0.044720899784686866,0.03488089449768627
ds003604,beetle-fineweb3-eng,Beetle-FineWeb3-24B/beetle-monolingual-fineweb3-eng@step-2048,2048,,Sem,ses-5,72,0.0164822731342545,-0.012572388683638299,0.010666740167029573,-0.020837288134202863,0.05391025707336271
ds003604,beetle-fineweb3-eng,Beetle-FineWeb3-24B/beetle-monolingual-fineweb3-eng@step-4096,4096,,Sem,ses-5,72,0.008256199901670628,-0.0069948244675832015,0.005122975294690518,-0.027170303329204143,0.049346274224225224
ds003604,beetle-fineweb3-eng,Beetle-FineWeb3-24B/beetle-monolingual-fineweb3-eng@step-8192,8192,,Sem,ses-5,72,-0.009650660169688751,-0.017508957409231717,-0.0065764449711970445,-0.044929087287550226,0.026428743390253456
ds003604,beetle-fineweb3-eng,Beetle-FineWeb3-24B/beetle-monolingual-fineweb3-eng@step-16384,16384,,Sem,ses-5,72,-0.001397308874183235,-0.034149340458444685,-0.0006498657087119368,-0.04122223789244694,0.03819234316728417
ds003604,beetle-fineweb3-eng,Beetle-FineWeb3-24B/beetle-monolingual-fineweb3-eng@step-32768,32768,,Sem,ses-5,72,-0.05554319806151345,-0.03716429467922257,-0.037075420559889015,-0.09778343814243096,-0.018168985884959247
ds003604,beetle-fineweb3-eng,Beetle-FineWeb3-24B/beetle-monolingual-fineweb3-eng@step-65536,65536,,Sem,ses-5,72,-0.034187108532911736,-0.051407446315570315,-0.022592786551883598,-0.07401470096298914,0.005252525077037569
ds003604,beetle-fineweb3-eng,Beetle-FineWeb3-24B/beetle-monolingual-fineweb3-eng@step-0,0,,Sem,ses-7,72,-0.0003055130112080759,-0.012779000128673536,-0.000238876179451136,-0.03874490334199077,0.038471003298429604
ds003604,beetle-fineweb3-eng,Beetle-FineWeb3-24B/beetle-monolingual-fineweb3-eng@step-1,1,,Sem,ses-7,72,-0.0003055130112080759,-0.012779000128673536,-0.000238876179451136,-0.03848923624308727,0.0347926313382948
ds003604,beetle-fineweb3-eng,Beetle-FineWeb3-24B/beetle-monolingual-fineweb3-eng@step-2,2,,Sem,ses-7,72,-0.0003055130112080759,-0.012779000128673536,-0.000238876179451136,-0.035404189492108426,0.037561725221406515
ds003604,beetle-fineweb3-eng,Beetle-FineWeb3-24B/beetle-monolingual-fineweb3-eng@step-4,4,,Sem,ses-7,72,-0.0003328543126116961,-0.012788969654257382,-0.000265826312517418,-0.04041872425679268,0.03771485247299055
ds003604,beetle-fineweb3-eng,Beetle-FineWeb3-24B/beetle-monolingual-fineweb3-eng@step-6,6,,Sem,ses-7,72,-0.000381218816174827,-0.012799030494394834,-0.00030931402723800947,-0.03766130530146239,0.038571621223256046
ds003604,beetle-fineweb3-eng,Beetle-FineWeb3-24B/beetle-monolingual-fineweb3-eng@step-8,8,,Sem,ses-7,72,-0.00038195037043216355,-0.01280734947778732,-0.0003154390574803463,-0.039676227655603816,0.036886021550796316
ds003604,beetle-fineweb3-eng,Beetle-FineWeb3-24B/beetle-monolingual-fineweb3-eng@step-16,16,,Sem,ses-7,72,-0.00035663916802360817,-0.012837195340895623,-0.00027623886392939064,-0.036896468026335075,0.0386159755490268
ds003604,beetle-fineweb3-eng,Beetle-FineWeb3-24B/beetle-monolingual-fineweb3-eng@step-32,32,,Sem,ses-7,72,-0.0007396106962157671,-0.013243375208190127,-0.00039138943248532285,-0.041141904021762786,0.03751476911266157
ds003604,beetle-fineweb3-eng,Beetle-FineWeb3-24B/beetle-monolingual-fineweb3-eng@step-64,64,,Sem,ses-7,72,-0.009474710591512602,-0.02134937836641956,-0.006511519650628274,-0.04682012660516604,0.03096168925791658
ds003604,beetle-fineweb3-eng,Beetle-FineWeb3-24B/beetle-monolingual-fineweb3-eng@step-128,128,,Sem,ses-7,72,-0.00827134551810248,-0.011884462636424882,-0.006112780181852147,-0.04780300942657965,0.031080569153923612
ds003604,beetle-fineweb3-eng,Beetle-FineWeb3-24B/beetle-monolingual-fineweb3-eng@step-256,256,,Sem,ses-7,72,0.015576693760727164,0.021024110703199244,0.011001779321285399,-0.024656437604834384,0.05433826396701137
ds003604,beetle-fineweb3-eng,Beetle-FineWeb3-24B/beetle-monolingual-fineweb3-eng@step-512,512,,Sem,ses-7,72,-0.004629171859273639,0.007917224172509691,-0.0024659371755648045,-0.04399803060217675,0.034472170820003714
ds003604,beetle-fineweb3-eng,Beetle-FineWeb3-24B/beetle-monolingual-fineweb3-eng@step-1024,1024,,Sem,ses-7,72,0.020596695248196868,0.009943257600892175,0.014134119787216447,-0.019786815546256244,0.061600635720198325
ds003604,beetle-fineweb3-eng,Beetle-FineWeb3-24B/beetle-monolingual-fineweb3-eng@step-2048,2048,,Sem,ses-7,72,-0.011637440804603901,-0.014324549843477882,-0.007906801539832602,-0.05122724400048275,0.027978933645322075
ds003604,beetle-fineweb3-eng,Beetle-FineWeb3-24B/beetle-monolingual-fineweb3-eng@step-4096,4096,,Sem,ses-7,72,-0.010999250979705113,-0.008358688758986885,-0.007340236242416447,-0.04834695040391639,0.028665572074123426
ds003604,beetle-fineweb3-eng,Beetle-FineWeb3-24B/beetle-monolingual-fineweb3-eng@step-8192,8192,,Sem,ses-7,72,-0.022604062883469753,-0.020193704068714995,-0.01487953596770884,-0.062117882480943035,0.01513458131557309
ds003604,beetle-fineweb3-eng,Beetle-FineWeb3-24B/beetle-monolingual-fineweb3-eng@step-16384,16384,,Sem,ses-7,72,-0.05527537374832135,-0.03677002554117514,-0.03716362099537866,-0.09191434682177801,-0.016591856739625526
ds003604,beetle-fineweb3-eng,Beetle-FineWeb3-24B/beetle-monolingual-fineweb3-eng@step-32768,32768,,Sem,ses-7,72,-0.03889931683072687,-0.03867573957876527,-0.026076091250700546,-0.07806269112111405,-0.002604667219785204
ds003604,beetle-fineweb3-eng,Beetle-FineWeb3-24B/beetle-monolingual-fineweb3-eng@step-65536,65536,,Sem,ses-7,72,-0.08568051133457985,-0.054547309569870694,-0.05738418333440521,-0.12478063226480192,-0.047612691589983644
ds003604,beetle-fineweb3-eng,Beetle-FineWeb3-24B/beetle-monolingual-fineweb3-eng@step-0,0,,Sem,ses-9,72,-0.01941281840652025,-0.015390550025136713,-0.012832550860719874,-0.05660072528619208,0.019486539909697828
ds003604,beetle-fineweb3-eng,Beetle-FineWeb3-24B/beetle-monolingual-fineweb3-eng@step-1,1,,Sem,ses-9,72,-0.01941281840652025,-0.015390550025136713,-0.012832550860719874,-0.059419305053994315,0.017112196684511274
ds003604,beetle-fineweb3-eng,Beetle-FineWeb3-24B/beetle-monolingual-fineweb3-eng@step-2,2,,Sem,ses-9,72,-0.01941281840652025,-0.015390550025136713,-0.012832550860719874,-0.05621700209296426,0.01722834345874413
ds003604,beetle-fineweb3-eng,Beetle-FineWeb3-24B/beetle-monolingual-fineweb3-eng@step-4,4,,Sem,ses-9,72,-0.019442577861240116,-0.015400841199421887,-0.01286195100588309,-0.058317181192659114,0.01902371553764732
ds003604,beetle-fineweb3-eng,Beetle-FineWeb3-24B/beetle-monolingual-fineweb3-eng@step-6,6,,Sem,ses-9,72,-0.019502494885668614,-0.015411561215360005,-0.012902988708506747,-0.058755739164663964,0.019867474817179553
ds003604,beetle-fineweb3-eng,Beetle-FineWeb3-24B/beetle-monolingual-fineweb3-eng@step-8,8,,Sem,ses-9,72,-0.019522722576469705,-0.015421996660293395,-0.012914013762942954,-0.057332562897371514,0.017884331306779633
ds003604,beetle-fineweb3-eng,Beetle-FineWeb3-24B/beetle-monolingual-fineweb3-eng@step-16,16,,Sem,ses-9,72,-0.01960536664897534,-0.015462341726783591,-0.012992414150044864,-0.05553749070019225,0.020914607271777866
ds003604,beetle-fineweb3-eng,Beetle-FineWeb3-24B/beetle-monolingual-fineweb3-eng@step-32,32,,Sem,ses-9,72,-0.020739642243594838,-0.01590764606697985,-0.01374701787590076,-0.06297720556162535,0.018043693304091845
ds003604,beetle-fineweb3-eng,Beetle-FineWeb3-24B/beetle-monolingual-fineweb3-eng@step-64,64,,Sem,ses-9,72,-0.022516288589114294,-0.022871330741205426,-0.015084724480827124,-0.05966685446723622,0.018641465095221566
ds003604,beetle-fineweb3-eng,Beetle-FineWeb3-24B/beetle-monolingual-fineweb3-eng@step-128,128,,Sem,ses-9,72,-0.007101444380941272,-0.011726026045226514,-0.00531468874127566,-0.04816587260517772,0.030589323213609496
ds003604,beetle-fineweb3-eng,Beetle-FineWeb3-24B/beetle-monolingual-fineweb3-eng@step-256,256,,Sem,ses-9,72,0.003805471947515394,0.019433937019953433,0.0024922748056068525,-0.03677935989526324,0.041097197937369656
ds003604,beetle-fineweb3-eng,Beetle-FineWeb3-24B/beetle-monolingual-fineweb3-eng@step-512,512,,Sem,ses-9,72,-0.005450239469219875,0.009581571713857456,-0.0034637046020414724,-0.046046902693487456,0.03694820302271873
ds003604,beetle-fineweb3-eng,Beetle-FineWeb3-24B/beetle-monolingual-fineweb3-eng@step-1024,1024,,Sem,ses-9,72,0.01263532392875781,0.010297063695088579,0.008156702773719944,-0.025205620046454148,0.050429361682839145
ds003604,beetle-fineweb3-eng,Beetle-FineWeb3-24B/beetle-monolingual-fineweb3-eng@step-2048,2048,,Sem,ses-9,72,-0.010887481274537541,-0.01643477969776985,-0.007380661442015869,-0.04984332561860759,0.02702508853106076
ds003604,beetle-fineweb3-eng,Beetle-FineWeb3-24B/beetle-monolingual-fineweb3-eng@step-4096,4096,,Sem,ses-9,72,-0.019824581409486664,-0.010372666933613734,-0.013538154344637076,-0.056401174259186546,0.019173154109013227
ds003604,beetle-fineweb3-eng,Beetle-FineWeb3-24B/beetle-monolingual-fineweb3-eng@step-8192,8192,,Sem,ses-9,72,-0.030064408645403294,-0.024484589555069696,-0.01987694814243145,-0.06829539757532617,0.007877990472233877
ds003604,beetle-fineweb3-eng,Beetle-FineWeb3-24B/beetle-monolingual-fineweb3-eng@step-16384,16384,,Sem,ses-9,72,-0.06301192579678448,-0.03801759415004406,-0.04172738102894383,-0.09986628350465447,-0.02483813953771162
ds003604,beetle-fineweb3-eng,Beetle-FineWeb3-24B/beetle-monolingual-fineweb3-eng@step-32768,32768,,Sem,ses-9,72,-0.024288577228330704,-0.03805605601356318,-0.016439581170432028,-0.06541593189343493,0.013817465933443391
ds003604,beetle-fineweb3-eng,Beetle-FineWeb3-24B/beetle-monolingual-fineweb3-eng@step-65536,65536,,Sem,ses-9,72,-0.08022207888884929,-0.05543345912398641,-0.05342067626458905,-0.12205333284578501,-0.043709626512487956
