family,model_ref,step,tokens,task,session,rsa_intact,rsa_circuit_ablated,rsa_random_ablated
pico-decoder-large,pico-lm/pico-decoder-large@daa12d1eb44fa1ea4cc31aa35a8cb029917302e9,0,,Gram,ses-5,-0.0159392902358735,-0.0168447904380715,-0.0159895193405667
pico-decoder-large,pico-lm/pico-decoder-large@daa12d1eb44fa1ea4cc31aa35a8cb029917302e9,0,,Gram,ses-7,-0.0193651506215007,-0.0197978315865468,-0.0201039865383575
pico-decoder-large,pico-lm/pico-decoder-large@daa12d1eb44fa1ea4cc31aa35a8cb029917302e9,0,,Gram,ses-9,-0.0202880711973484,-0.0202589001865662,-0.021146503930369
pico-decoder-large,pico-lm/pico-decoder-large@70ace66cdec9f20ba70c65109b42b9c263e0139b,1000,,Gram,ses-5,-0.00995942995149,-0.0095316266910658,-0.0097243349760186
pico-decoder-large,pico-lm/pico-decoder-large@70ace66cdec9f20ba70c65109b42b9c263e0139b,1000,,Gram,ses-7,-0.020152250711464,-0.0216504547818468,-0.0179897093308406
pico-decoder-large,pico-lm/pico-decoder-large@70ace66cdec9f20ba70c65109b42b9c263e0139b,1000,,Gram,ses-9,-0.0223949084987029,-0.0191116766108236,-0.0221402529322478
pico-decoder-large,pico-lm/pico-decoder-large@b7e416710019991ae8f34506fbea7a6ac31a8252,2000,,Gram,ses-5,-0.026231236167946,-0.0267124150204282,-0.0268859392541508
pico-decoder-large,pico-lm/pico-decoder-large@b7e416710019991ae8f34506fbea7a6ac31a8252,2000,,Gram,ses-7,-0.0262437052602403,-0.0252145117490438,-0.0263944683150751
pico-decoder-large,pico-lm/pico-decoder-large@b7e416710019991ae8f34506fbea7a6ac31a8252,2000,,Gram,ses-9,-0.0549535478974066,-0.0560963027686043,-0.0561506110539596
pico-decoder-large,pico-lm/pico-decoder-large@d43df3f024539a5db7dfcab339e807d4842bcffd,3000,,Gram,ses-5,-0.0001922549224335,-0.0001163864901626,-0.0021094633415313
pico-decoder-large,pico-lm/pico-decoder-large@d43df3f024539a5db7dfcab339e807d4842bcffd,3000,,Gram,ses-7,-4.6276519293136855e-05,-0.0035050927894308,-0.0012698143157503
pico-decoder-large,pico-lm/pico-decoder-large@d43df3f024539a5db7dfcab339e807d4842bcffd,3000,,Gram,ses-9,-0.024844792991617,-0.0241659740490208,-0.0220770721584499
pico-decoder-large,pico-lm/pico-decoder-large@23e4297bb64e81b073da327cba679d797ca4fe1d,4000,,Gram,ses-5,-0.0019840669475563,-0.003442810084585,-0.0070989461696442
pico-decoder-large,pico-lm/pico-decoder-large@23e4297bb64e81b073da327cba679d797ca4fe1d,4000,,Gram,ses-7,-0.0062151597598933,-0.0040474160714124,-0.013628037292865
pico-decoder-large,pico-lm/pico-decoder-large@23e4297bb64e81b073da327cba679d797ca4fe1d,4000,,Gram,ses-9,-0.0473084989821064,-0.0384531647384522,-0.0524180244148267
pico-decoder-large,pico-lm/pico-decoder-large@cab5aa27e02bdec8e8bf68239ae1e6758956e134,5000,,Gram,ses-5,0.0031539673053453,0.0059418827878165,0.0011074607613792
pico-decoder-large,pico-lm/pico-decoder-large@cab5aa27e02bdec8e8bf68239ae1e6758956e134,5000,,Gram,ses-7,-0.0008545710365264,0.0015695161552352,0.0005623783518942
pico-decoder-large,pico-lm/pico-decoder-large@cab5aa27e02bdec8e8bf68239ae1e6758956e134,5000,,Gram,ses-9,-0.034130931993615,-0.0311054329108652,-0.0349246236932846
pico-decoder-large,pico-lm/pico-decoder-large@e556a1a2b5a081ce269a811dfdfa329e230c674f,7000,,Gram,ses-5,-0.0036300931674584,-0.0001045103397789,-0.0055552110853995
pico-decoder-large,pico-lm/pico-decoder-large@e556a1a2b5a081ce269a811dfdfa329e230c674f,7000,,Gram,ses-7,-0.0123684685372443,-0.0063218698275995,-0.0127793037045273
pico-decoder-large,pico-lm/pico-decoder-large@e556a1a2b5a081ce269a811dfdfa329e230c674f,7000,,Gram,ses-9,-0.0471405341198008,-0.0450263391451036,-0.0392862221545268
pico-decoder-large,pico-lm/pico-decoder-large@1eb202826693ab699be3043f3579cbde8211a5ef,8000,,Gram,ses-5,0.0058195896007748,0.0072270108022168,-0.0013692424508689
pico-decoder-large,pico-lm/pico-decoder-large@1eb202826693ab699be3043f3579cbde8211a5ef,8000,,Gram,ses-7,-0.0097272282728595,-0.0094936481124881,-0.0130451602466359
pico-decoder-large,pico-lm/pico-decoder-large@1eb202826693ab699be3043f3579cbde8211a5ef,8000,,Gram,ses-9,-0.0392394554843477,-0.0367621809704047,-0.0367865024088454
pico-decoder-large,pico-lm/pico-decoder-large@94cc0caf8c3cb477f0dc32aa92a7b8e182f710bf,10000,,Gram,ses-5,-0.0019588625883144,-0.0004546035855749,-0.0047363929312646
pico-decoder-large,pico-lm/pico-decoder-large@94cc0caf8c3cb477f0dc32aa92a7b8e182f710bf,10000,,Gram,ses-7,-0.006245166083002,-0.0092499078708391,-0.0078475331677016
pico-decoder-large,pico-lm/pico-decoder-large@94cc0caf8c3cb477f0dc32aa92a7b8e182f710bf,10000,,Gram,ses-9,-0.0362971630310175,-0.0433842471164182,-0.0390929663721164
pico-decoder-large,pico-lm/pico-decoder-large@10d61c2f23ed2b432c011ff4735614817452abfc,13000,,Gram,ses-5,-0.0035450774160052,-0.0008071529958544,-0.0096931103087652
pico-decoder-large,pico-lm/pico-decoder-large@10d61c2f23ed2b432c011ff4735614817452abfc,13000,,Gram,ses-7,-0.0076584193225789,-0.0076864542220361,-0.0154177177567399
pico-decoder-large,pico-lm/pico-decoder-large@10d61c2f23ed2b432c011ff4735614817452abfc,13000,,Gram,ses-9,-0.0448674436972036,-0.0365415935955478,-0.0343107448740239
pico-decoder-large,pico-lm/pico-decoder-large@609cb555fe8ab89fe8deccc19ae52176c053de3c,16000,,Gram,ses-5,0.013973839283885,0.0143413637234384,0.0153429702876429
pico-decoder-large,pico-lm/pico-decoder-large@609cb555fe8ab89fe8deccc19ae52176c053de3c,16000,,Gram,ses-7,-0.0103388586737076,-0.0060014215133099,-0.0132075700655678
pico-decoder-large,pico-lm/pico-decoder-large@609cb555fe8ab89fe8deccc19ae52176c053de3c,16000,,Gram,ses-9,-0.0281981889509051,-0.0287433449371235,-0.0283685125967235
pico-decoder-large,pico-lm/pico-decoder-large@2e9b09372c42b65faa9486c0d7b8191ff5b5c4de,20000,,Gram,ses-5,0.0018126180105207,0.0093778924346135,0.0041857727905784
pico-decoder-large,pico-lm/pico-decoder-large@2e9b09372c42b65faa9486c0d7b8191ff5b5c4de,20000,,Gram,ses-7,-0.0032350986380778,0.0013253669135092,-0.0028514825341196
pico-decoder-large,pico-lm/pico-decoder-large@2e9b09372c42b65faa9486c0d7b8191ff5b5c4de,20000,,Gram,ses-9,-0.0365085662983254,-0.0346449282332271,-0.0346478128739818
pico-decoder-large,pico-lm/pico-decoder-large@020ad4d5ea0fe4c387769324ee38ad1d15bb3f85,24000,,Gram,ses-5,0.0099137669323123,0.0091905249548989,0.0062284987888593
pico-decoder-large,pico-lm/pico-decoder-large@020ad4d5ea0fe4c387769324ee38ad1d15bb3f85,24000,,Gram,ses-7,-0.0020451702606457,-0.0019446146702885,-0.0035851377833346
pico-decoder-large,pico-lm/pico-decoder-large@020ad4d5ea0fe4c387769324ee38ad1d15bb3f85,24000,,Gram,ses-9,-0.030390444511725,-0.0263551393870368,-0.0334402044403115
pico-decoder-large,pico-lm/pico-decoder-large@dab022094801d1fd4c0c4deb04d7c0815ea0d9b4,30000,,Gram,ses-5,0.0112511603957045,0.0108709093452898,0.0159987229243098
pico-decoder-large,pico-lm/pico-decoder-large@dab022094801d1fd4c0c4deb04d7c0815ea0d9b4,30000,,Gram,ses-7,-0.0016192843233337,0.0001215000731358,0.0072400879845726
pico-decoder-large,pico-lm/pico-decoder-large@dab022094801d1fd4c0c4deb04d7c0815ea0d9b4,30000,,Gram,ses-9,-0.0493707206507238,-0.0445600184647304,-0.0403611977060873
pico-decoder-large,pico-lm/pico-decoder-large@22fe7c47349efbd4d073c95fe64e3b50251cb0fb,37000,,Gram,ses-5,0.0138840670130179,0.0116119504001278,0.009248206949884
pico-decoder-large,pico-lm/pico-decoder-large@22fe7c47349efbd4d073c95fe64e3b50251cb0fb,37000,,Gram,ses-7,-0.0092103755247732,-0.0103995464946553,-0.0129626655803134
pico-decoder-large,pico-lm/pico-decoder-large@22fe7c47349efbd4d073c95fe64e3b50251cb0fb,37000,,Gram,ses-9,-0.0416041121516947,-0.0392623659807239,-0.0453289862179471
pico-decoder-large,pico-lm/pico-decoder-large@5a81c54569b9cadfac8813c3db918fae371226c7,45000,,Gram,ses-5,-0.0084882718227063,-0.0101372540960749,-0.0088867006543205
pico-decoder-large,pico-lm/pico-decoder-large@5a81c54569b9cadfac8813c3db918fae371226c7,45000,,Gram,ses-7,-0.016341196650153,-0.0183681707354158,-0.0168070001293706
pico-decoder-large,pico-lm/pico-decoder-large@5a81c54569b9cadfac8813c3db918fae371226c7,45000,,Gram,ses-9,-0.0461603232368724,-0.0477211605835957,-0.0457251233507173
pico-decoder-large,pico-lm/pico-decoder-large@ea63999d87b948bca4d4e9938706f51ccc88c365,55000,,Gram,ses-5,-0.0107313732343673,-0.0088008669027134,-0.041958944604732
pico-decoder-large,pico-lm/pico-decoder-large@ea63999d87b948bca4d4e9938706f51ccc88c365,55000,,Gram,ses-7,-0.0064501097459194,0.0007559024729794,-0.0493826898540351
pico-decoder-large,pico-lm/pico-decoder-large@ea63999d87b948bca4d4e9938706f51ccc88c365,55000,,Gram,ses-9,-0.0500454842168953,-0.0451981862621083,-0.0264913169364805
pico-decoder-large,pico-lm/pico-decoder-large@6dc96c3465c47b8b192056175e156d703a132e5e,68000,,Gram,ses-5,-0.0092380988051241,-0.0057472290474711,-0.0114238558091652
pico-decoder-large,pico-lm/pico-decoder-large@6dc96c3465c47b8b192056175e156d703a132e5e,68000,,Gram,ses-7,-0.0120300913042358,-0.0111430848303867,-0.0108324027454487
pico-decoder-large,pico-lm/pico-decoder-large@6dc96c3465c47b8b192056175e156d703a132e5e,68000,,Gram,ses-9,-0.0280525091827415,-0.0267565177800529,-0.0318055588098532
pico-decoder-large,pico-lm/pico-decoder-large@46310457a1f616890732dc9d54ca3b6f35263f47,83000,,Gram,ses-5,-0.0053632061074574,-0.0056633450792997,-0.0041445351955142
pico-decoder-large,pico-lm/pico-decoder-large@46310457a1f616890732dc9d54ca3b6f35263f47,83000,,Gram,ses-7,-0.0138190251806686,-0.0113252694784379,-0.0128554837559046
pico-decoder-large,pico-lm/pico-decoder-large@46310457a1f616890732dc9d54ca3b6f35263f47,83000,,Gram,ses-9,-0.0474670265463393,-0.0502962358884356,-0.0509133088035356
pico-decoder-large,pico-lm/pico-decoder-large@1ca25b1c86203affda1776487d77204c79b5c4f7,102000,,Gram,ses-5,0.0018741476358597,0.0021008743399145,0.008044686352962
pico-decoder-large,pico-lm/pico-decoder-large@1ca25b1c86203affda1776487d77204c79b5c4f7,102000,,Gram,ses-7,-0.0105243564387846,-0.0099039617505724,-0.0093117815756079
pico-decoder-large,pico-lm/pico-decoder-large@1ca25b1c86203affda1776487d77204c79b5c4f7,102000,,Gram,ses-9,-0.0402787160238942,-0.0399159134794095,-0.0462250166617488
pico-decoder-large,pico-lm/pico-decoder-large@dc35be996509151e2b2a2066a545a54a6e4900cb,125000,,Gram,ses-5,-0.0011991611754664,-0.0017320904398066,-0.0044313546145847
pico-decoder-large,pico-lm/pico-decoder-large@dc35be996509151e2b2a2066a545a54a6e4900cb,125000,,Gram,ses-7,-0.0136373122893199,-0.0176520116006055,-0.0190724299156051
pico-decoder-large,pico-lm/pico-decoder-large@dc35be996509151e2b2a2066a545a54a6e4900cb,125000,,Gram,ses-9,-0.0277893208792305,-0.0243420777964564,-0.0187929422016185
pico-decoder-large,pico-lm/pico-decoder-large@daa12d1eb44fa1ea4cc31aa35a8cb029917302e9,0,,Phon,ses-5,0.0200351238745387,0.0223285974932459,0.0094562550154449
pico-decoder-large,pico-lm/pico-decoder-large@daa12d1eb44fa1ea4cc31aa35a8cb029917302e9,0,,Phon,ses-7,0.0096331193957522,0.0122354741934516,-0.0059140542104197
pico-decoder-large,pico-lm/pico-decoder-large@daa12d1eb44fa1ea4cc31aa35a8cb029917302e9,0,,Phon,ses-9,0.0151320575264229,0.017540042382215,0.0065723739939202
pico-decoder-large,pico-lm/pico-decoder-large@70ace66cdec9f20ba70c65109b42b9c263e0139b,1000,,Phon,ses-5,0.0415180568628285,0.0420033748437555,0.0506388381989937
pico-decoder-large,pico-lm/pico-decoder-large@70ace66cdec9f20ba70c65109b42b9c263e0139b,1000,,Phon,ses-7,0.0290787348599843,0.0316313461240421,0.0383581197461689
pico-decoder-large,pico-lm/pico-decoder-large@70ace66cdec9f20ba70c65109b42b9c263e0139b,1000,,Phon,ses-9,0.0210861546310738,0.0208499394981992,0.0306577128018664
pico-decoder-large,pico-lm/pico-decoder-large@b7e416710019991ae8f34506fbea7a6ac31a8252,2000,,Phon,ses-5,0.0178739638442099,0.0076845613928542,0.0195282451643553
pico-decoder-large,pico-lm/pico-decoder-large@b7e416710019991ae8f34506fbea7a6ac31a8252,2000,,Phon,ses-7,0.0399578176329447,0.028961734326291,0.0402124207916903
pico-decoder-large,pico-lm/pico-decoder-large@b7e416710019991ae8f34506fbea7a6ac31a8252,2000,,Phon,ses-9,0.0001045001542174,-0.0042734503678577,0.002621222861138
pico-decoder-large,pico-lm/pico-decoder-large@d43df3f024539a5db7dfcab339e807d4842bcffd,3000,,Phon,ses-5,0.0260817755278867,0.0276227881033942,0.0332626560656118
pico-decoder-large,pico-lm/pico-decoder-large@d43df3f024539a5db7dfcab339e807d4842bcffd,3000,,Phon,ses-7,0.0411091762411255,0.0406917462078316,0.0548825671989446
pico-decoder-large,pico-lm/pico-decoder-large@d43df3f024539a5db7dfcab339e807d4842bcffd,3000,,Phon,ses-9,0.0266292835254976,0.0285051445816562,0.0279621423258857
pico-decoder-large,pico-lm/pico-decoder-large@23e4297bb64e81b073da327cba679d797ca4fe1d,4000,,Phon,ses-5,-0.0374483299832567,-0.0616377068733305,-0.044182534127015
pico-decoder-large,pico-lm/pico-decoder-large@23e4297bb64e81b073da327cba679d797ca4fe1d,4000,,Phon,ses-7,-0.0240596057761181,-0.0475211422324328,-0.043980021511935
pico-decoder-large,pico-lm/pico-decoder-large@23e4297bb64e81b073da327cba679d797ca4fe1d,4000,,Phon,ses-9,-0.0062161358153618,-0.0255978430446101,-0.0184000009399538
pico-decoder-large,pico-lm/pico-decoder-large@cab5aa27e02bdec8e8bf68239ae1e6758956e134,5000,,Phon,ses-5,-0.0389338572584075,-0.0371916370801296,-0.0431659510962949
pico-decoder-large,pico-lm/pico-decoder-large@cab5aa27e02bdec8e8bf68239ae1e6758956e134,5000,,Phon,ses-7,-0.0505428141572176,-0.0463948806781648,-0.0573378882143486
pico-decoder-large,pico-lm/pico-decoder-large@cab5aa27e02bdec8e8bf68239ae1e6758956e134,5000,,Phon,ses-9,-0.02431691884754,-0.0273137883522484,-0.0268974772089139
pico-decoder-large,pico-lm/pico-decoder-large@e556a1a2b5a081ce269a811dfdfa329e230c674f,7000,,Phon,ses-5,-0.0139950159668363,0.0060155440691716,-0.0059867806205427
pico-decoder-large,pico-lm/pico-decoder-large@e556a1a2b5a081ce269a811dfdfa329e230c674f,7000,,Phon,ses-7,0.0097423380030676,0.0392280268669121,0.0253763078629819
pico-decoder-large,pico-lm/pico-decoder-large@e556a1a2b5a081ce269a811dfdfa329e230c674f,7000,,Phon,ses-9,0.0133946219142014,0.0269315153218344,0.0196146425844897
pico-decoder-large,pico-lm/pico-decoder-large@1eb202826693ab699be3043f3579cbde8211a5ef,8000,,Phon,ses-5,0.0090274363064434,0.0166937102801026,0.0138913716879828
pico-decoder-large,pico-lm/pico-decoder-large@1eb202826693ab699be3043f3579cbde8211a5ef,8000,,Phon,ses-7,0.0445707637912592,0.0601931782558317,0.0544623467676338
pico-decoder-large,pico-lm/pico-decoder-large@1eb202826693ab699be3043f3579cbde8211a5ef,8000,,Phon,ses-9,0.0224426330044777,0.028121126025416,0.0341918586052506
pico-decoder-large,pico-lm/pico-decoder-large@94cc0caf8c3cb477f0dc32aa92a7b8e182f710bf,10000,,Phon,ses-5,0.049743252661475,0.0491336250718533,0.0560712228577246
pico-decoder-large,pico-lm/pico-decoder-large@94cc0caf8c3cb477f0dc32aa92a7b8e182f710bf,10000,,Phon,ses-7,0.0516400571530715,0.0508434563680757,0.0552048355333983
pico-decoder-large,pico-lm/pico-decoder-large@94cc0caf8c3cb477f0dc32aa92a7b8e182f710bf,10000,,Phon,ses-9,0.0468107347797432,0.0423896089027221,0.0471779563328293
pico-decoder-large,pico-lm/pico-decoder-large@10d61c2f23ed2b432c011ff4735614817452abfc,13000,,Phon,ses-5,-0.0476403043724189,-0.0380707468372378,-0.0390320062569016
pico-decoder-large,pico-lm/pico-decoder-large@10d61c2f23ed2b432c011ff4735614817452abfc,13000,,Phon,ses-7,0.0061278814834386,0.0099397175218214,0.0094187229763956
pico-decoder-large,pico-lm/pico-decoder-large@10d61c2f23ed2b432c011ff4735614817452abfc,13000,,Phon,ses-9,-0.0033149842206872,0.0023999521313436,-0.0031912121390894
pico-decoder-large,pico-lm/pico-decoder-large@609cb555fe8ab89fe8deccc19ae52176c053de3c,16000,,Phon,ses-5,-0.0241526453927167,-0.0144668548090553,-0.0119540025846789
pico-decoder-large,pico-lm/pico-decoder-large@609cb555fe8ab89fe8deccc19ae52176c053de3c,16000,,Phon,ses-7,0.0050889220907687,0.0065138589953817,0.0028754767709946
pico-decoder-large,pico-lm/pico-decoder-large@609cb555fe8ab89fe8deccc19ae52176c053de3c,16000,,Phon,ses-9,0.011075122785687,0.0232635518602675,0.0222547845310236
pico-decoder-large,pico-lm/pico-decoder-large@2e9b09372c42b65faa9486c0d7b8191ff5b5c4de,20000,,Phon,ses-5,-0.0328521686115715,-0.0250676681400119,-0.0251793350826462
pico-decoder-large,pico-lm/pico-decoder-large@2e9b09372c42b65faa9486c0d7b8191ff5b5c4de,20000,,Phon,ses-7,-0.0048312367746461,0.0068184888236995,0.0081873303203286
pico-decoder-large,pico-lm/pico-decoder-large@2e9b09372c42b65faa9486c0d7b8191ff5b5c4de,20000,,Phon,ses-9,-0.0048215857199545,0.0024153909443737,0.0065664899406205
pico-decoder-large,pico-lm/pico-decoder-large@020ad4d5ea0fe4c387769324ee38ad1d15bb3f85,24000,,Phon,ses-5,-0.0318378291097231,-0.0448207900648722,-0.039747645256736
pico-decoder-large,pico-lm/pico-decoder-large@020ad4d5ea0fe4c387769324ee38ad1d15bb3f85,24000,,Phon,ses-7,0.0172092167313601,-0.0112483071175152,0.0103558684130936
pico-decoder-large,pico-lm/pico-decoder-large@020ad4d5ea0fe4c387769324ee38ad1d15bb3f85,24000,,Phon,ses-9,-0.0026076653929466,-0.0113027504201577,-0.0093735556092675
pico-decoder-large,pico-lm/pico-decoder-large@dab022094801d1fd4c0c4deb04d7c0815ea0d9b4,30000,,Phon,ses-5,-0.0347880056189259,-0.0447397801322302,0.0134195860235783
pico-decoder-large,pico-lm/pico-decoder-large@dab022094801d1fd4c0c4deb04d7c0815ea0d9b4,30000,,Phon,ses-7,0.0139750390741058,-0.0023218224241077,-0.0038504194171947
pico-decoder-large,pico-lm/pico-decoder-large@dab022094801d1fd4c0c4deb04d7c0815ea0d9b4,30000,,Phon,ses-9,0.0011196330115669,-0.0062890260706426,0.0204877913960531
pico-decoder-large,pico-lm/pico-decoder-large@22fe7c47349efbd4d073c95fe64e3b50251cb0fb,37000,,Phon,ses-5,-0.0458857167592012,-0.0536256844043099,-0.033078405718058
pico-decoder-large,pico-lm/pico-decoder-large@22fe7c47349efbd4d073c95fe64e3b50251cb0fb,37000,,Phon,ses-7,-0.040271755016018,-0.0638346778499322,-0.0398854663419988
pico-decoder-large,pico-lm/pico-decoder-large@22fe7c47349efbd4d073c95fe64e3b50251cb0fb,37000,,Phon,ses-9,-0.021770852047747,-0.0259939142806185,-0.0193239841489726
pico-decoder-large,pico-lm/pico-decoder-large@5a81c54569b9cadfac8813c3db918fae371226c7,45000,,Phon,ses-5,-0.0411156545924319,-0.0505689460226535,-0.0476716792829055
pico-decoder-large,pico-lm/pico-decoder-large@5a81c54569b9cadfac8813c3db918fae371226c7,45000,,Phon,ses-7,-0.0238872492935084,-0.0525219393427188,-0.0437316236292326
pico-decoder-large,pico-lm/pico-decoder-large@5a81c54569b9cadfac8813c3db918fae371226c7,45000,,Phon,ses-9,-0.0149853068800583,-0.0240881047729132,-0.0264866153543156
pico-decoder-large,pico-lm/pico-decoder-large@ea63999d87b948bca4d4e9938706f51ccc88c365,55000,,Phon,ses-5,-0.0162224844199872,-0.02049116531279,-0.0273001353077149
pico-decoder-large,pico-lm/pico-decoder-large@ea63999d87b948bca4d4e9938706f51ccc88c365,55000,,Phon,ses-7,0.0529103680644573,0.0475250644555532,0.0356680718580739
pico-decoder-large,pico-lm/pico-decoder-large@ea63999d87b948bca4d4e9938706f51ccc88c365,55000,,Phon,ses-9,0.0164867623478552,0.0097733176730418,0.006023120470483
pico-decoder-large,pico-lm/pico-decoder-large@6dc96c3465c47b8b192056175e156d703a132e5e,68000,,Phon,ses-5,-0.0329267296562908,-0.0225074057382548,-0.025263020434247
pico-decoder-large,pico-lm/pico-decoder-large@6dc96c3465c47b8b192056175e156d703a132e5e,68000,,Phon,ses-7,0.0136732269513312,0.0221176037353907,0.0141863792063736
pico-decoder-large,pico-lm/pico-decoder-large@6dc96c3465c47b8b192056175e156d703a132e5e,68000,,Phon,ses-9,-0.010301614825897,-0.0064571520425323,-0.0094180539420011
pico-decoder-large,pico-lm/pico-decoder-large@46310457a1f616890732dc9d54ca3b6f35263f47,83000,,Phon,ses-5,-0.0277803072571716,-0.033600016838683,-0.0168155018474242
pico-decoder-large,pico-lm/pico-decoder-large@46310457a1f616890732dc9d54ca3b6f35263f47,83000,,Phon,ses-7,-0.0129280836065622,-0.0369827869630894,-0.0131940237004392
pico-decoder-large,pico-lm/pico-decoder-large@46310457a1f616890732dc9d54ca3b6f35263f47,83000,,Phon,ses-9,-0.0001213869847608,-0.0082457332142854,0.000320881399565
pico-decoder-large,pico-lm/pico-decoder-large@1ca25b1c86203affda1776487d77204c79b5c4f7,102000,,Phon,ses-5,-0.0227736555569696,-0.0286639392843597,-0.0293985340191647
pico-decoder-large,pico-lm/pico-decoder-large@1ca25b1c86203affda1776487d77204c79b5c4f7,102000,,Phon,ses-7,0.0088600850059579,-0.0126070592017936,-0.003169080107638
pico-decoder-large,pico-lm/pico-decoder-large@1ca25b1c86203affda1776487d77204c79b5c4f7,102000,,Phon,ses-9,0.0026768914093687,-0.0080707451484828,-0.0078203998079835
pico-decoder-large,pico-lm/pico-decoder-large@dc35be996509151e2b2a2066a545a54a6e4900cb,125000,,Phon,ses-5,-0.0529186451194043,-0.0665380510922451,-0.0640875642276162
pico-decoder-large,pico-lm/pico-decoder-large@dc35be996509151e2b2a2066a545a54a6e4900cb,125000,,Phon,ses-7,-0.0131662167338501,-0.0470358479659365,-0.0323199715127885
pico-decoder-large,pico-lm/pico-decoder-large@dc35be996509151e2b2a2066a545a54a6e4900cb,125000,,Phon,ses-9,-0.0143680985774104,-0.0287099625268517,-0.0234692996985956
pico-decoder-large,pico-lm/pico-decoder-large@daa12d1eb44fa1ea4cc31aa35a8cb029917302e9,0,,Plaus,ses-5,-0.0161510310905466,-0.023291209445201,-0.0205979352821325
pico-decoder-large,pico-lm/pico-decoder-large@daa12d1eb44fa1ea4cc31aa35a8cb029917302e9,0,,Plaus,ses-7,-0.057322008914676,-0.0640852385158337,-0.0592358046717557
pico-decoder-large,pico-lm/pico-decoder-large@daa12d1eb44fa1ea4cc31aa35a8cb029917302e9,0,,Plaus,ses-9,-0.0478616964724841,-0.053721358342707,-0.0500027080024938
pico-decoder-large,pico-lm/pico-decoder-large@70ace66cdec9f20ba70c65109b42b9c263e0139b,1000,,Plaus,ses-5,-0.0462531922226081,-0.0451289159316085,-0.042928034580805
pico-decoder-large,pico-lm/pico-decoder-large@70ace66cdec9f20ba70c65109b42b9c263e0139b,1000,,Plaus,ses-7,-0.0619817749241089,-0.0628677015511939,-0.0583991528158511
pico-decoder-large,pico-lm/pico-decoder-large@70ace66cdec9f20ba70c65109b42b9c263e0139b,1000,,Plaus,ses-9,-0.0549465061712133,-0.0541321047851056,-0.0516122163583789
pico-decoder-large,pico-lm/pico-decoder-large@b7e416710019991ae8f34506fbea7a6ac31a8252,2000,,Plaus,ses-5,0.005460195390265,0.0045811914681869,0.0084146323326538
pico-decoder-large,pico-lm/pico-decoder-large@b7e416710019991ae8f34506fbea7a6ac31a8252,2000,,Plaus,ses-7,-0.0119900114607123,-0.012899411229782,-0.0079956691003487
pico-decoder-large,pico-lm/pico-decoder-large@b7e416710019991ae8f34506fbea7a6ac31a8252,2000,,Plaus,ses-9,-0.0026637753030183,-0.0030484128251582,0.0010604733609999
pico-decoder-large,pico-lm/pico-decoder-large@d43df3f024539a5db7dfcab339e807d4842bcffd,3000,,Plaus,ses-5,-0.0282336074919638,-0.0252041958582131,-0.0335126753587153
pico-decoder-large,pico-lm/pico-decoder-large@d43df3f024539a5db7dfcab339e807d4842bcffd,3000,,Plaus,ses-7,-0.0520824647379041,-0.050000561293095,-0.0575278593026318
pico-decoder-large,pico-lm/pico-decoder-large@d43df3f024539a5db7dfcab339e807d4842bcffd,3000,,Plaus,ses-9,-0.0460646691553744,-0.0457644457866908,-0.048677753335094
pico-decoder-large,pico-lm/pico-decoder-large@23e4297bb64e81b073da327cba679d797ca4fe1d,4000,,Plaus,ses-5,-0.0145337127808104,-0.0131970485926878,-0.0096021932704869
pico-decoder-large,pico-lm/pico-decoder-large@23e4297bb64e81b073da327cba679d797ca4fe1d,4000,,Plaus,ses-7,-0.004196023760762,-0.0056669611593455,-0.0008527640785143
pico-decoder-large,pico-lm/pico-decoder-large@23e4297bb64e81b073da327cba679d797ca4fe1d,4000,,Plaus,ses-9,-0.0121488895964397,-0.0131793014517809,-0.0098502767034297
pico-decoder-large,pico-lm/pico-decoder-large@cab5aa27e02bdec8e8bf68239ae1e6758956e134,5000,,Plaus,ses-5,-0.0294472535458183,-0.0313743666916483,-0.0283121831152206
pico-decoder-large,pico-lm/pico-decoder-large@cab5aa27e02bdec8e8bf68239ae1e6758956e134,5000,,Plaus,ses-7,-0.0448154357667786,-0.0484079020091647,-0.0439754534816756
pico-decoder-large,pico-lm/pico-decoder-large@cab5aa27e02bdec8e8bf68239ae1e6758956e134,5000,,Plaus,ses-9,-0.0399498475016703,-0.0442777954274776,-0.0362783382073681
pico-decoder-large,pico-lm/pico-decoder-large@e556a1a2b5a081ce269a811dfdfa329e230c674f,7000,,Plaus,ses-5,-0.0279573896145715,-0.0217598893527114,-0.0232941503505165
pico-decoder-large,pico-lm/pico-decoder-large@e556a1a2b5a081ce269a811dfdfa329e230c674f,7000,,Plaus,ses-7,-0.0317210451114046,-0.0236315061653434,-0.0264452838696142
pico-decoder-large,pico-lm/pico-decoder-large@e556a1a2b5a081ce269a811dfdfa329e230c674f,7000,,Plaus,ses-9,-0.0295797544226122,-0.0199651970148772,-0.0292839499859774
pico-decoder-large,pico-lm/pico-decoder-large@1eb202826693ab699be3043f3579cbde8211a5ef,8000,,Plaus,ses-5,-0.0176834137176277,-0.0145268874567742,-0.0187569999673395
pico-decoder-large,pico-lm/pico-decoder-large@1eb202826693ab699be3043f3579cbde8211a5ef,8000,,Plaus,ses-7,-0.0265787975085035,-0.0252809104229184,-0.0327818008772196
pico-decoder-large,pico-lm/pico-decoder-large@1eb202826693ab699be3043f3579cbde8211a5ef,8000,,Plaus,ses-9,-0.0234438703469539,-0.0214465671614563,-0.0301792122021212
pico-decoder-large,pico-lm/pico-decoder-large@94cc0caf8c3cb477f0dc32aa92a7b8e182f710bf,10000,,Plaus,ses-5,-0.008866674798699,-0.0108676135404366,-0.007634850963645
pico-decoder-large,pico-lm/pico-decoder-large@94cc0caf8c3cb477f0dc32aa92a7b8e182f710bf,10000,,Plaus,ses-7,-0.0168379932463159,-0.0199500596839854,-0.0192074194172061
pico-decoder-large,pico-lm/pico-decoder-large@94cc0caf8c3cb477f0dc32aa92a7b8e182f710bf,10000,,Plaus,ses-9,-0.0147193598633757,-0.015616452841769,-0.0159202533381101
pico-decoder-large,pico-lm/pico-decoder-large@10d61c2f23ed2b432c011ff4735614817452abfc,13000,,Plaus,ses-5,-0.0141741411205317,-0.0153252469509734,-0.0183235139862688
pico-decoder-large,pico-lm/pico-decoder-large@10d61c2f23ed2b432c011ff4735614817452abfc,13000,,Plaus,ses-7,-0.0185729023242192,-0.0158992450166951,-0.0216753626701334
pico-decoder-large,pico-lm/pico-decoder-large@10d61c2f23ed2b432c011ff4735614817452abfc,13000,,Plaus,ses-9,-0.018870736613088,-0.0115520264787948,-0.018353169737883
pico-decoder-large,pico-lm/pico-decoder-large@609cb555fe8ab89fe8deccc19ae52176c053de3c,16000,,Plaus,ses-5,-0.023488713201956,-0.0172670602953377,-0.0059220733343521
pico-decoder-large,pico-lm/pico-decoder-large@609cb555fe8ab89fe8deccc19ae52176c053de3c,16000,,Plaus,ses-7,-0.0401416988340809,-0.0266668169218977,-0.0240726636028846
pico-decoder-large,pico-lm/pico-decoder-large@609cb555fe8ab89fe8deccc19ae52176c053de3c,16000,,Plaus,ses-9,-0.0448207246354991,-0.0364045807337776,0.0072286143422012
pico-decoder-large,pico-lm/pico-decoder-large@2e9b09372c42b65faa9486c0d7b8191ff5b5c4de,20000,,Plaus,ses-5,-0.0108439001920574,-0.0054815997276275,0.0153101745407287
pico-decoder-large,pico-lm/pico-decoder-large@2e9b09372c42b65faa9486c0d7b8191ff5b5c4de,20000,,Plaus,ses-7,-0.006793596233858,0.0038742402451628,0.0160375130109768
pico-decoder-large,pico-lm/pico-decoder-large@2e9b09372c42b65faa9486c0d7b8191ff5b5c4de,20000,,Plaus,ses-9,-0.0185525302251462,-0.0097058260995186,0.0111894922729849
pico-decoder-large,pico-lm/pico-decoder-large@020ad4d5ea0fe4c387769324ee38ad1d15bb3f85,24000,,Plaus,ses-5,-0.0003223818675637,-0.0030806675666796,-0.0252404345634474
pico-decoder-large,pico-lm/pico-decoder-large@020ad4d5ea0fe4c387769324ee38ad1d15bb3f85,24000,,Plaus,ses-7,0.0076550585970785,0.0047086155503744,-0.0424571283387221
pico-decoder-large,pico-lm/pico-decoder-large@020ad4d5ea0fe4c387769324ee38ad1d15bb3f85,24000,,Plaus,ses-9,-0.0037769198670548,-0.0025823410072658,-0.0423430389574575
pico-decoder-large,pico-lm/pico-decoder-large@dab022094801d1fd4c0c4deb04d7c0815ea0d9b4,30000,,Plaus,ses-5,0.0009648365916744,0.0037437042999557,0.0084128297026849
pico-decoder-large,pico-lm/pico-decoder-large@dab022094801d1fd4c0c4deb04d7c0815ea0d9b4,30000,,Plaus,ses-7,0.0168054290497098,0.0185435149112799,0.026673752611034
pico-decoder-large,pico-lm/pico-decoder-large@dab022094801d1fd4c0c4deb04d7c0815ea0d9b4,30000,,Plaus,ses-9,-0.0075927499239738,-0.0030050003884148,-0.0010363488485222
pico-decoder-large,pico-lm/pico-decoder-large@22fe7c47349efbd4d073c95fe64e3b50251cb0fb,37000,,Plaus,ses-5,0.0049626608627463,0.0051595630215045,0.0037378722618209
pico-decoder-large,pico-lm/pico-decoder-large@22fe7c47349efbd4d073c95fe64e3b50251cb0fb,37000,,Plaus,ses-7,0.0187379371013172,0.0168370475688892,0.0131327187234354
pico-decoder-large,pico-lm/pico-decoder-large@22fe7c47349efbd4d073c95fe64e3b50251cb0fb,37000,,Plaus,ses-9,-0.0068456366246065,-0.0029994475090626,-0.0087138234630479
pico-decoder-large,pico-lm/pico-decoder-large@5a81c54569b9cadfac8813c3db918fae371226c7,45000,,Plaus,ses-5,0.0134054200657742,0.0187376904028581,0.0168500273702743
pico-decoder-large,pico-lm/pico-decoder-large@5a81c54569b9cadfac8813c3db918fae371226c7,45000,,Plaus,ses-7,0.0424023418045995,0.0506501443042619,0.0472592934596164
pico-decoder-large,pico-lm/pico-decoder-large@5a81c54569b9cadfac8813c3db918fae371226c7,45000,,Plaus,ses-9,0.0061133382169168,0.017953265043557,0.0156606897707311
pico-decoder-large,pico-lm/pico-decoder-large@ea63999d87b948bca4d4e9938706f51ccc88c365,55000,,Plaus,ses-5,0.0055385675954941,0.0112492625487864,0.0034475687680205
pico-decoder-large,pico-lm/pico-decoder-large@ea63999d87b948bca4d4e9938706f51ccc88c365,55000,,Plaus,ses-7,0.0123940645843906,0.0218926867004606,0.0124053110044971
pico-decoder-large,pico-lm/pico-decoder-large@ea63999d87b948bca4d4e9938706f51ccc88c365,55000,,Plaus,ses-9,-0.0176420765775713,-0.0128989827535108,-0.0176719508953641
pico-decoder-large,pico-lm/pico-decoder-large@6dc96c3465c47b8b192056175e156d703a132e5e,68000,,Plaus,ses-5,0.0041893888706242,0.0016635169242527,0.0099490253357748
pico-decoder-large,pico-lm/pico-decoder-large@6dc96c3465c47b8b192056175e156d703a132e5e,68000,,Plaus,ses-7,0.0056263013580409,-0.0005614737908774,0.0074755508437111
pico-decoder-large,pico-lm/pico-decoder-large@6dc96c3465c47b8b192056175e156d703a132e5e,68000,,Plaus,ses-9,-0.0219764364992945,-0.0238032775415931,-0.015406821908128
pico-decoder-large,pico-lm/pico-decoder-large@46310457a1f616890732dc9d54ca3b6f35263f47,83000,,Plaus,ses-5,0.0059095393214107,0.0069771810038659,0.0070724369053948
pico-decoder-large,pico-lm/pico-decoder-large@46310457a1f616890732dc9d54ca3b6f35263f47,83000,,Plaus,ses-7,0.0164787764855749,0.0138250454886801,0.0047230344261045
pico-decoder-large,pico-lm/pico-decoder-large@46310457a1f616890732dc9d54ca3b6f35263f47,83000,,Plaus,ses-9,-0.0173436839711371,-0.0153433468273964,-0.0171330532595301
pico-decoder-large,pico-lm/pico-decoder-large@1ca25b1c86203affda1776487d77204c79b5c4f7,102000,,Plaus,ses-5,-0.0081512297910072,-0.012976147434703,-0.0012251359263876
pico-decoder-large,pico-lm/pico-decoder-large@1ca25b1c86203affda1776487d77204c79b5c4f7,102000,,Plaus,ses-7,0.0035722705110711,-0.0053287895083862,0.0151391129635544
pico-decoder-large,pico-lm/pico-decoder-large@1ca25b1c86203affda1776487d77204c79b5c4f7,102000,,Plaus,ses-9,-0.0324351354415927,-0.03852736254607,-0.02377586804437
pico-decoder-large,pico-lm/pico-decoder-large@dc35be996509151e2b2a2066a545a54a6e4900cb,125000,,Plaus,ses-5,-0.0128301084389586,-0.0030769129892532,-0.0180091184403143
pico-decoder-large,pico-lm/pico-decoder-large@dc35be996509151e2b2a2066a545a54a6e4900cb,125000,,Plaus,ses-7,-0.011620915941498,-0.0011417258789404,-0.0230498106748922
pico-decoder-large,pico-lm/pico-decoder-large@dc35be996509151e2b2a2066a545a54a6e4900cb,125000,,Plaus,ses-9,-0.0357416197412564,-0.0269949280365717,-0.0429836326230168
pico-decoder-large,pico-lm/pico-decoder-large@daa12d1eb44fa1ea4cc31aa35a8cb029917302e9,0,,Sem,ses-5,-0.004379928880494,-0.0061682341025076,-0.017154478076262
pico-decoder-large,pico-lm/pico-decoder-large@daa12d1eb44fa1ea4cc31aa35a8cb029917302e9,0,,Sem,ses-7,-0.0061033981302486,-0.0072473729270403,-0.0114273834074533
pico-decoder-large,pico-lm/pico-decoder-large@daa12d1eb44fa1ea4cc31aa35a8cb029917302e9,0,,Sem,ses-9,-0.004926123960985,-0.0053332683989102,-0.010650372179486
pico-decoder-large,pico-lm/pico-decoder-large@70ace66cdec9f20ba70c65109b42b9c263e0139b,1000,,Sem,ses-5,-0.0277516444152186,-0.0274220655685253,-0.025670943136672
pico-decoder-large,pico-lm/pico-decoder-large@70ace66cdec9f20ba70c65109b42b9c263e0139b,1000,,Sem,ses-7,0.0025362878308992,-0.0021452318376825,0.0123905902849141
pico-decoder-large,pico-lm/pico-decoder-large@70ace66cdec9f20ba70c65109b42b9c263e0139b,1000,,Sem,ses-9,0.0042865867252487,0.0029681642642277,0.0199101725389759
pico-decoder-large,pico-lm/pico-decoder-large@b7e416710019991ae8f34506fbea7a6ac31a8252,2000,,Sem,ses-5,0.0095876013424969,0.0089624925413174,0.0079142392476552
pico-decoder-large,pico-lm/pico-decoder-large@b7e416710019991ae8f34506fbea7a6ac31a8252,2000,,Sem,ses-7,-0.0034184186627597,-0.0116046473399876,-0.0037668432956992
pico-decoder-large,pico-lm/pico-decoder-large@b7e416710019991ae8f34506fbea7a6ac31a8252,2000,,Sem,ses-9,0.0033985524373726,-0.0035299382884758,0.0035139985979238
pico-decoder-large,pico-lm/pico-decoder-large@d43df3f024539a5db7dfcab339e807d4842bcffd,3000,,Sem,ses-5,-0.007012320519891,-0.0149584254948872,0.0040679928516513
pico-decoder-large,pico-lm/pico-decoder-large@d43df3f024539a5db7dfcab339e807d4842bcffd,3000,,Sem,ses-7,-0.0200249288251783,-0.0263181379776795,-0.0233738232445839
pico-decoder-large,pico-lm/pico-decoder-large@d43df3f024539a5db7dfcab339e807d4842bcffd,3000,,Sem,ses-9,-0.0138239458124395,-0.0180941580825727,-0.0185935581236439
pico-decoder-large,pico-lm/pico-decoder-large@23e4297bb64e81b073da327cba679d797ca4fe1d,4000,,Sem,ses-5,0.0117586229829174,-0.0089027508599526,-0.0041112307264602
pico-decoder-large,pico-lm/pico-decoder-large@23e4297bb64e81b073da327cba679d797ca4fe1d,4000,,Sem,ses-7,-0.0287584384163774,-0.0404227340172453,-0.0272991220547651
pico-decoder-large,pico-lm/pico-decoder-large@23e4297bb64e81b073da327cba679d797ca4fe1d,4000,,Sem,ses-9,-0.0436018173029404,-0.0525122444522613,-0.0388270338085967
pico-decoder-large,pico-lm/pico-decoder-large@cab5aa27e02bdec8e8bf68239ae1e6758956e134,5000,,Sem,ses-5,-0.0045704046254264,-0.0193086021068525,-0.0090421406907397
pico-decoder-large,pico-lm/pico-decoder-large@cab5aa27e02bdec8e8bf68239ae1e6758956e134,5000,,Sem,ses-7,-0.0607900503561923,-0.0724857668591699,-0.0610635840982396
pico-decoder-large,pico-lm/pico-decoder-large@cab5aa27e02bdec8e8bf68239ae1e6758956e134,5000,,Sem,ses-9,-0.0536361288145025,-0.0632365165468823,-0.0525061476877041
pico-decoder-large,pico-lm/pico-decoder-large@e556a1a2b5a081ce269a811dfdfa329e230c674f,7000,,Sem,ses-5,-0.0102818815450458,-0.0267494632301481,-0.010295836409607
pico-decoder-large,pico-lm/pico-decoder-large@e556a1a2b5a081ce269a811dfdfa329e230c674f,7000,,Sem,ses-7,-0.0184202889947604,-0.0290957690074459,-0.0181275206935266
pico-decoder-large,pico-lm/pico-decoder-large@e556a1a2b5a081ce269a811dfdfa329e230c674f,7000,,Sem,ses-9,-0.0348590231527975,-0.0421054194764629,-0.0312490745308663
pico-decoder-large,pico-lm/pico-decoder-large@1eb202826693ab699be3043f3579cbde8211a5ef,8000,,Sem,ses-5,0.0085937661998082,2.6941030557513584e-06,0.0088564904731532
pico-decoder-large,pico-lm/pico-decoder-large@1eb202826693ab699be3043f3579cbde8211a5ef,8000,,Sem,ses-7,-0.0696903773138758,-0.067625234139132,-0.0650294101519343
pico-decoder-large,pico-lm/pico-decoder-large@1eb202826693ab699be3043f3579cbde8211a5ef,8000,,Sem,ses-9,-0.0688196904913946,-0.0679946417315607,-0.0706725392076881
pico-decoder-large,pico-lm/pico-decoder-large@94cc0caf8c3cb477f0dc32aa92a7b8e182f710bf,10000,,Sem,ses-5,3.7890629986823645e-05,0.0059378433775463,0.0027650501649498
pico-decoder-large,pico-lm/pico-decoder-large@94cc0caf8c3cb477f0dc32aa92a7b8e182f710bf,10000,,Sem,ses-7,-0.0407169345263718,-0.0305166608050702,-0.036053618198549
pico-decoder-large,pico-lm/pico-decoder-large@94cc0caf8c3cb477f0dc32aa92a7b8e182f710bf,10000,,Sem,ses-9,-0.0450642352246457,-0.0420162905850788,-0.0433691277154357
pico-decoder-large,pico-lm/pico-decoder-large@10d61c2f23ed2b432c011ff4735614817452abfc,13000,,Sem,ses-5,-0.0159846653292518,-0.0124638937461851,-0.020062469487657
pico-decoder-large,pico-lm/pico-decoder-large@10d61c2f23ed2b432c011ff4735614817452abfc,13000,,Sem,ses-7,-0.0385120774236208,-0.0263737950280044,-0.0443261573429986
pico-decoder-large,pico-lm/pico-decoder-large@10d61c2f23ed2b432c011ff4735614817452abfc,13000,,Sem,ses-9,-0.0220607271884306,-0.0101207585164152,-0.0302892997782905
pico-decoder-large,pico-lm/pico-decoder-large@609cb555fe8ab89fe8deccc19ae52176c053de3c,16000,,Sem,ses-5,-0.0170394458403201,-0.0097927096098142,-0.0225249091439974
pico-decoder-large,pico-lm/pico-decoder-large@609cb555fe8ab89fe8deccc19ae52176c053de3c,16000,,Sem,ses-7,0.006900320137988,0.0078489189261138,0.0103941650628794
pico-decoder-large,pico-lm/pico-decoder-large@609cb555fe8ab89fe8deccc19ae52176c053de3c,16000,,Sem,ses-9,0.0117453666161344,0.0128232306103601,0.018952483937686
pico-decoder-large,pico-lm/pico-decoder-large@2e9b09372c42b65faa9486c0d7b8191ff5b5c4de,20000,,Sem,ses-5,-0.0270173737776338,-0.0423804192015012,-0.0159710482156739
pico-decoder-large,pico-lm/pico-decoder-large@2e9b09372c42b65faa9486c0d7b8191ff5b5c4de,20000,,Sem,ses-7,-0.0536362552914665,-0.0595657555011074,-0.0020124568958332
pico-decoder-large,pico-lm/pico-decoder-large@2e9b09372c42b65faa9486c0d7b8191ff5b5c4de,20000,,Sem,ses-9,-0.0402186246304954,-0.0478456239137555,-0.0255214746728208
pico-decoder-large,pico-lm/pico-decoder-large@020ad4d5ea0fe4c387769324ee38ad1d15bb3f85,24000,,Sem,ses-5,-1.6700708193027891e-06,0.0024582127387159,-0.0023152621502224
pico-decoder-large,pico-lm/pico-decoder-large@020ad4d5ea0fe4c387769324ee38ad1d15bb3f85,24000,,Sem,ses-7,0.0348228485852532,0.0242686650113203,0.0366356335673613
pico-decoder-large,pico-lm/pico-decoder-large@020ad4d5ea0fe4c387769324ee38ad1d15bb3f85,24000,,Sem,ses-9,0.0321310731368099,0.0195734484624391,0.0421546463229619
pico-decoder-large,pico-lm/pico-decoder-large@dab022094801d1fd4c0c4deb04d7c0815ea0d9b4,30000,,Sem,ses-5,0.0035912091913138,0.0004670240941598,0.0013996472607779
pico-decoder-large,pico-lm/pico-decoder-large@dab022094801d1fd4c0c4deb04d7c0815ea0d9b4,30000,,Sem,ses-7,0.0003364236937474,0.0021236502684719,0.0098812837272427
pico-decoder-large,pico-lm/pico-decoder-large@dab022094801d1fd4c0c4deb04d7c0815ea0d9b4,30000,,Sem,ses-9,-0.0144806221140278,-0.0186357518448812,-0.0095359893991607
pico-decoder-large,pico-lm/pico-decoder-large@22fe7c47349efbd4d073c95fe64e3b50251cb0fb,37000,,Sem,ses-5,-0.0486599659674204,-0.0454801460971341,-0.0632914018002795
pico-decoder-large,pico-lm/pico-decoder-large@22fe7c47349efbd4d073c95fe64e3b50251cb0fb,37000,,Sem,ses-7,0.0111192280337656,0.0163509318375362,0.0099600760013011
pico-decoder-large,pico-lm/pico-decoder-large@22fe7c47349efbd4d073c95fe64e3b50251cb0fb,37000,,Sem,ses-9,0.0053793426633593,0.0091285417039697,0.009971993580676
pico-decoder-large,pico-lm/pico-decoder-large@5a81c54569b9cadfac8813c3db918fae371226c7,45000,,Sem,ses-5,-0.0021710877533789,0.007328857148297,-0.0021931637325394
pico-decoder-large,pico-lm/pico-decoder-large@5a81c54569b9cadfac8813c3db918fae371226c7,45000,,Sem,ses-7,0.0250725188190266,0.0360359214842649,0.0045620370244711
pico-decoder-large,pico-lm/pico-decoder-large@5a81c54569b9cadfac8813c3db918fae371226c7,45000,,Sem,ses-9,0.0149954681543203,0.0229452309006031,0.0029715640512527
pico-decoder-large,pico-lm/pico-decoder-large@ea63999d87b948bca4d4e9938706f51ccc88c365,55000,,Sem,ses-5,0.0049322480330685,0.0101772894075819,0.0025461573458012
pico-decoder-large,pico-lm/pico-decoder-large@ea63999d87b948bca4d4e9938706f51ccc88c365,55000,,Sem,ses-7,-0.0113155303424686,-0.0060409106052518,-0.0023527539466013
pico-decoder-large,pico-lm/pico-decoder-large@ea63999d87b948bca4d4e9938706f51ccc88c365,55000,,Sem,ses-9,-0.0109748222415676,-0.007628559405355,-0.0111076841363296
pico-decoder-large,pico-lm/pico-decoder-large@6dc96c3465c47b8b192056175e156d703a132e5e,68000,,Sem,ses-5,-0.0014496645883016,-0.0036917971830784,-0.0023926502425334
pico-decoder-large,pico-lm/pico-decoder-large@6dc96c3465c47b8b192056175e156d703a132e5e,68000,,Sem,ses-7,-0.0576170473068148,-0.049501599019151,-0.0426195073735908
pico-decoder-large,pico-lm/pico-decoder-large@6dc96c3465c47b8b192056175e156d703a132e5e,68000,,Sem,ses-9,-0.0497088480528068,-0.0452909250611736,-0.036542913017649
pico-decoder-large,pico-lm/pico-decoder-large@46310457a1f616890732dc9d54ca3b6f35263f47,83000,,Sem,ses-5,0.0094332354893886,0.0089481029121928,0.0122437268153487
pico-decoder-large,pico-lm/pico-decoder-large@46310457a1f616890732dc9d54ca3b6f35263f47,83000,,Sem,ses-7,-0.0393590002306444,-0.0609458239841435,-0.0312503996645112
pico-decoder-large,pico-lm/pico-decoder-large@46310457a1f616890732dc9d54ca3b6f35263f47,83000,,Sem,ses-9,-0.0211639537735176,-0.0367465948260264,-0.0165645722695857
pico-decoder-large,pico-lm/pico-decoder-large@1ca25b1c86203affda1776487d77204c79b5c4f7,102000,,Sem,ses-5,-0.0164491469489888,-0.0050029256600995,-0.0215023831332103
pico-decoder-large,pico-lm/pico-decoder-large@1ca25b1c86203affda1776487d77204c79b5c4f7,102000,,Sem,ses-7,-0.0324915892549497,-0.0293154860827174,-0.0255479069210461
pico-decoder-large,pico-lm/pico-decoder-large@1ca25b1c86203affda1776487d77204c79b5c4f7,102000,,Sem,ses-9,-0.0251250534693042,-0.0224363249659012,-0.016182611838486
pico-decoder-large,pico-lm/pico-decoder-large@dc35be996509151e2b2a2066a545a54a6e4900cb,125000,,Sem,ses-5,-0.0202024528978317,-0.0234389423527735,-0.0234500780745532
pico-decoder-large,pico-lm/pico-decoder-large@dc35be996509151e2b2a2066a545a54a6e4900cb,125000,,Sem,ses-7,-0.055333623576407,-0.0494119606268156,-0.0403111554647618
pico-decoder-large,pico-lm/pico-decoder-large@dc35be996509151e2b2a2066a545a54a6e4900cb,125000,,Sem,ses-9,-0.0449500638944015,-0.0390151805089828,-0.030273896177597
